idn,akz,bbg,standort,signatur_g,signatur_a,titel,stuecktitel,f4243,f4256,f4241,f4105_9,f4105_g,ausleihcode,sig_komm,f4801_a,f4801_k,einrichtung,exemplar
1032687681,L-2013-303556,Aa,DBSM/M/Klemm,"II 82,15c","II 82,15c",Flaviano Myrmeico v. c. suo salutem : , : ,,,,,,,,,,1,02
1036843505,L-2013-316396,Aa,DBSM/M/Klemm,"II 82,7 h","II 82,7 h",Noviciis Adolescentibvs: Ad Astronomicam rempu. capessenda[m] aditu[m] i[m]petra[n]tib[us] ... Ioannis de sacro busto sph[a]ericum opusculu[m] Georgii, : ,,,,1138321850,Qd,,,"Eingekl. gedr. Zeile auf d. Frontispiz: ""1478. vicesimaquarta die mensis Junii"", dazu Auskunft Oliver Duntze, GW:""Die Zeile stammt aus: GW00763 Albertus Magnus: Secreta mulierum et virorum. Mit Expositio von Henricus de Saxonia. [Venedig: Adam von Rottweil], 24.VI.1478.""",,1,02
1036845559,L-1485-266425038,Aa,DBSM/M/Klemm,"II 82,7 h (angebunden)","II 82,7 h (angebunden)",Clarissimi Viri Hyginii Poeticon Astronomicon. Opvs Vtilissimum Foeliciter Incipit De mundi & sph[a]er[a]e ac utriusq[ue] p[ar]tiu[m] declaratione : , : ,,,,1138321850,Qd,,,,k,1,02
1048166694,L-1484-286786508,Aa,DBSM/M/Klemm,"II 24,9a","II 24,9a",Missale Romanum : , : ,,,,,,,,,,1,02
1048169669,L-1473-286787504,Aa,DBSM/M/Klemm,"II 30,1n","II 30,1n",Etymologiae : , : ,,,,,,,,,,1,02
1048306054,L-1473-287114600,Aa,DBSM/M/Klemm,"II 24,1c","II 24,1c",Pantheologia : , : ,,,,,,,,,,1,02
1060136910,L-1485-302645535,Aa,DBSM/M/Klemm,"II 24,4 h","II 24,4 h",Indulgentiae et beneficia benefactoribus hospitalis ordinis S. Spiritus in Roma concessa : , : ,,,,,,,,,,1,02
1060137496,L-1482-302645780,Aa,DBSM/M/Klemm,"II 24,4 f","II 24,4 f",Forma confessionalis et absolutionis ad opus sanctae cruciatae : , : ,,,,,,,,"unter d. Text rote Spuren eines Siegels, Leimspuren, vermutl. als Makulatur verwendet",,1,02
106478058X,L-1466-311999433,Aal,DBSM/M/Klemm,"II 30,1u (ÜF/R73A/10/1)","II 30,1u","Biblia, deutsch : ", : ,,,,1064781187,Qd,k,,,,1,02
1064781187,L-1466-311999751,Qd,DBSM/M/Klemm,"II 30,1u","II 30,1u","[Bibel, Handschrift und angebundene Inkunabel] : ", : ,,1142397084,,,,g,,,,1,02
1066873151,L-1481-315330953,Aa,DBSM/M/Klemm,"II 8,6d","II 8,6d",Margarita decreti : , : ,,,,,,,,,,1,02
1066941572,L-1477-315469234,Qd,DBSM/M/Klemm,"II 90,1a (ÜF / 4. OG: R73A/10/1)","II 90,1a",Konvolut von Inkunabelblättern (Fragmente) : , : ,,,,,,,,,,1,02
1066957983,L-1490-31548862X,Aaf,DBSM/M/Klemm,"II 30,9b","II 30,9b",Vita S. Augustini : , : ,,,,,,,,,,1,02
106696291X,L-1480-315493186,Aaf,DBSM/M/Klemm,"II 30,2 i","II 30,2 i","Biblia, lat. : ", : ,,,,,,,,,,1,02
106696291X,L-1480-316102806,Aaf,DBSM/M/Klemm,"II 30,2ia - Fragm.","II 30,2ia - Fragm.","Biblia, lat. : ", : ,,,,,,,,,,1,03
1066963428,L-1500-315493674,Aaf,DBSM/M/Klemm,"II 30,13 m","III 60,7; II 30,13 m",Breviarium Moguntinum : , : ,,,,,,,,,,1,02
1066963800,L-1490-315494018,Aaf,DBSM/M/Klemm,"II 44,3a","II 44,3a","Philosophia pauperum sive Isagoge in libros Aristotelis physicorum, de caelo et mundo, de generatione et corruptione, meteororum et de anima [Version ", : ,,,,,,,,,,1,02
1066964505,L-1482-375330852,Aaf,DBSM/M/Klemm,"II 90,1a - [11] Fragm. (ÜF / 4. OG: R73A/10/1)","II 90,1a - [11] Fragm.",Summa universae theologiae : P. 1-4, : ,,,,1066941572,Qd,,,,,1,03
1066964637,L-1474-315494859,Aaf,DBSM/M/Klemm,"II 30,7f (angebunden)","II 30,7f (angebunden)",De conflictu vitiorum et virtutum : , : ,,,,,,,,Autopsie 17.9.2018,,1,02
1066964645,L-1475-315494875,Aaf,DBSM/M/Klemm,"II 29,2g","II 29,2g",Sermones de tempore et de sanctis : , : ,,,,,,,,Autopsie 13.8.2018,,1,02
106696467X,L-1472-315494891,Aaf,DBSM/M/Klemm,"II 17,1b","II 17,1b",De consensu evangelistarum : , : ,,,,,,,,,,1,02
1066964696,L-1472-315494913,Aaf,DBSM/M/Klemm,"II 29,1b","II 29,1b",Sermones notabiles et formales de praecipuis festivitatibus : , : ,,,,,,,,,,1,02
106696470X,L-1472-315494921,Aaf,DBSM/M/Klemm,"II 4,4b","II 4,4b",De arte loquendi et tacendi : , : ,,,,,,,,,,1,02
1066964734,L-1493-31549493X,Aaf,DBSM/M/Klemm,"II 4,5f","II 4,5f",Epistolae : , : ,,,,,,,,,,1,02
1066964769,L-1474-315494956,Aaf,DBSM/M/Klemm,"II 30,6b","II 30,6b",Distinctiones dictionum theologicalium : , : ,,,,,,,,,,1,02
1066964777,L-1483-315494964,Aal,DBSM/M/Klemm,"II 22,1b","II 22,1b",Confessionale Defecerunt scrutantes scrutinio : , : ,,,,,,,,,,1,02
1066964793,L-1482-315494972,Aaf,DBSM/M/Klemm,"II 82,4c","II 82,4c","Biblia, lat. : ", : ,,,,,,,,,,1,02
106696484X,L-1498-315495014,Aaf,DBSM/M/Klemm,"II 24,10a","II 24,10a",Epistola ad Rabbi Isaac seu rationes ad reprobandos Iudaeorum errores : , : ,,,,,,,,,,1,02
1066964866,L-1494-315495030,Aaf,DBSM/M/Klemm,"II 13,1b","II 13,1b",De trinitate : , : ,,,,,,,,,,1,02
1066964874,L-1484-315495049,Aaf,DBSM/M/Klemm,"II 8,13b","II 8,13b",Summa theologica : , : ,,,,,,,,,,1,02
1066964882,L-1496-315495057,Aaf,DBSM/M/Klemm,"II 30,12e","II 30,12e",Summa theologica : P. 1-4, : ,,,,,,,,,,1,02
1066964890,L-1489-315495065,Aaf,DBSM/M/Klemm,"II 30,14k","II 30,14k",Historia Alexandri Magni : , : ,,,,,,,,,,1,02
1066964912,L-1485-315495073,Aa,DBSM/M/Klemm,"II 24,3q","II 24,3q","Biblia, lat. : ", : ,,,,,,,,,,1,02
1066964920,L-1471-315495081,Aaf,DBSM/M/Klemm,"II 30,1e","II 30,1e",Fortalitium fidei : , : ,,,,,,,,,,1,02
1066964939,L-1477-31549509X,Aaf,DBSM/M/Klemm,"II 8,1b","II 8,1b",Sermones Discipuli : , : ,,,,,,,,Autopsie 5.6.2019,,1,02
1066964998,L-1471-315495146,Aaf,DBSM/M/Klemm,"II 2,2b - Fragm.","II 2,2b - Fragm.",Almanach : , : ,,,,,,,,,,1,02
1066965021,L-1486-315495162,Aa,DBSM/M/Klemm,"II 8,2a","II 8,2a",De remediis utriusque fortunae : , : ,,,,,,,,Sig. war vorher fälschlich mit GW 1420 verknüpft - dazu in DBSM kein Bestand (vermutlich Verwechslung der GW-Nr.: Einblatt 228 mit GW 228); Autopsie 13.8.2018,,1,02
1066965048,L-1474-315495189,Aaf,DBSM/M/Klemm,"II 8,6a","II 8,6a",Glossae Clementinae : , : ,,,,,,,,,,1,02
1066965056,L-1472-315495197,Aaf,DBSM/M/Klemm,"II 24,4a","II 24,4a",Ehebüchlein : , : ,,,,,,,,,,1,02
1066965064,L-1485-315495200,Aaf,DBSM/M/Klemm,"II 8,12c","II 8,12c",Mensa philosophica : , : ,,,,,,,,,,1,02
1066965072,L-1471-315495219,Aaf,DBSM/M/Klemm,"II 1,3g","II 1,3g","Summa theologiae, P. 2,1 : ", : ,,,,,,,,,,1,02
1066965080,L-1473-315495227,Aaf,DBSM/M/Klemm,"II 8,1d","II 8,1d",Aurea verba : , : ,,,,,,,,,,1,02
1066965099,L-1494-315495235,Aaf,DBSM/M/Klemm,"II 18,3b","II 18,3b",De planctu naturae : , : ,,,,,,,,,,1,02
1066965102,L-1497-315495243,Aa,DBSM/M/Klemm,"II 8,13f","II 8,13f",De arte loquendi et tacendi : , : ,,,,,,,,,,1,02
1066965110,L-1498-315495251,Aaf,DBSM/M/Klemm,"II 8,13g","II 8,13g",Paradisus animae sive Tractatus de virtutibus : , : ,,,,,,,,,,1,02
1066965129,L-1478-31549526X,Aa,DBSM/M/Klemm,"II 28,1b","II 28,1b",Sermones de tempore et de sanctis : , : ,,,,,,,,,,1,02
1066965137,L-1484-315495278,Aaf,DBSM/M/Klemm,"II 34,1a","II 34,1a",Summa de eucharistiae sacramento : , : ,,,,,,,,,,1,02
1066965188,L-1496-315495332,Aaf,DBSM/M/Klemm,"II 24,3y","II 24,3y",Destructorium vitiorum : , : ,,,,,,,,,,1,02
1066965196,L-1496-315495340,Aaf,DBSM/M/Klemm,"II 43,2b","II 43,2b",Epistola ad Rabbi Isaac seu rationes ad reprobandos Iudaeorum errores : , : ,,,,,,,,,,1,02
106696520X,L-1493-315495359,Aaf,DBSM/M/Klemm,"II 52,2b","II 52,2b",Compilatio astronomica : , : ,,,,,,,,,,1,02
1066965218,L-1493-315495367,Aaf,DBSM/M/Klemm,"II 67,10a","II 67,10a",Alphabetum divini amoris : , : ,,,,,,,,,,1,02
1066965226,L-1498-315495375,Aaf,DBSM/M/Klemm,"II 69,2a","II 69,2a",Super feudis : , : ,,,,,,,,,,1,02
1066965250,L-1476-315495413,Aaf,DBSM/M/Klemm,"II 2,5c","II 2,5c",Expositio in evangelium S. Lucae : , : ,,,,,,,,,,1,02
1066965277,L-1474-315495456,Aaf,DBSM/M/Klemm,"II 36,1a","II 36,1a",Modus confitendi : , : ,,,,,,,,,,1,02
1066965293,L-1489-315495472,Aa,DBSM/M/Klemm,"II 30,15b","II 30,15b",Summa angelica de casibus conscientiae : , : ,,,,,,,,,,1,02
1066965307,L-1495-315495480,Aa,DBSM/M/Klemm,"II 30,15i","II 30,15i",Summa angelica de casibus conscientiae : , : ,,,,,,,,,,1,02
1066965315,L-1498-315495499,Aa,DBSM/DA,(07.03.02.1040),"II 24,3a kursiv",Summa angelica de casibus conscientiae : , : ,,,,,,a,,,,1,02
106696534X,L-1488-315495510,Aa,DBSM/M/Klemm,"II 30,15a","II 30,15a",Confessionale Defecerunt scrutantes scrutinio : , : ,,,,,,,,,,1,02
1066965390,L-1487-375331115,Aa,DBSM/M/Klemm,"II 90,1a - [12] Fragm. (ÜF / 4. OG: R73A/10/1)","II 90,1a - [12] Fragm.",Summa theologica : P. 1-4, : ,,,,1066941572,Qd,,,,,1,03
1066965390,L-1487-375567062,Aa,DBSM/M/Klemm,"II 90,1a - [17] Fragm. (ÜF / 4. OG: R73A/10/1)","II 90,1a - [17] Fragm.",Summa theologica : P. 1-4, : ,,,,1066941572,Qd,,,,,1,04
1066965404,L-1477-315495618,Aaf,DBSM/M/Klemm,"II 29,2b","II 29,2b","Summa theologica, P. 2 : ", : ,,,,,,,,,,1,02
1066965439,L-1477-315495677,Aaf,DBSM/M/Klemm,"II 84,1a","II 84,1a",Quaestiones super duodecim libros Metaphysicae Aristotelis : , : ,,,,,,,,,,1,02
1066965455,L-1494-315495693,Aa,DBSM/M/Klemm,"II 74,2a","II 74,2a",Historia Romana : P. 2, : ,,,,,,,,,,1,02
1066965463,L-1488-315495707,Aaf,DBSM/M/Klemm,"II 84,4a","II 84,4a",Opera : , : ,,,,,,,,,,1,02
1066965471,L-1483-315495715,Aaf,DBSM/M/Klemm,"II 11,1a","II 11,1a",Ad Philocratem de septuaginta interpretibus : , : ,,,,,,,,,,1,02
106696548X,L-1476-315495723,Aaf,DBSM/M/Klemm,"II 82,6a","II 82,6a",De animalibus : , : ,,,,,,,,,,1,02
1066965544,L-1483-315495774,Aaf,DBSM/M/Klemm,"II 63,3c","II 63,3c",Breviarium practicae : , : ,,,,,,,,,,1,02
1066965560,L-1476-315495782,Aa,DBSM/M/Klemm,"II 45,1a","II 45,1a",Gnotosolitos sive Speculum conscientiae : , : ,,,,,,,,"Autopsie 14.8.2018; Schinnerer (Fälschungen in alten Handschriften und Druckwerken, 1913/14) bezeichnet die Buchmalerei als Fälschung des 19. Jh., das scheint heute fraglich, müsste geprüft werden",,1,02
1066965595,L-1473-315495812,Aaf,DBSM/M/Klemm,"II 30,1 f","II 30,1 f",Summa de casibus conscientiae : , : ,,,,,,,,,,1,02
1066965609,L-1479-315495820,Aa,DBSM/M/Klemm,"II 8,13a","II 8,13a",Summa de casibus conscientiae : , : ,,,,,,,,,,1,02
1066965617,L-1487-315495839,Aaf,DBSM/M/Klemm,"II 8,12b","II 8,12b",Auctoritates Aristotelis et aliorum philosophorum : , : ,,,,,,,,,,1,02
1066965633,L-1470-315495855,Aaf,DBSM/M/Klemm,"II 30,1g","II 30,1g",Confessiones : , : ,,,,,,,,Autopsie 13.8.2018,,1,02
1066965641,L-1466-315495863,Aaf,DBSM/M/Klemm,"II 30,1h","II 30,1h",De arte praedicandi : , : ,,,,,,,,,,1,02
106696565X,L-1467-315495871,Aaf,DBSM/M/Klemm,"II 1,2e","II 1,2e","De arte praedicandi [= De doctrina Christiana, liber 4] : ", : ,,,,,,,,,,1,02
1066965684,L-1479-315495901,Aaf,DBSM/M/Klemm,"II 4,2b","II 4,2b",De civitate dei : , : ,,,,,,,,,,1,02
1066965692,L-1490-31549591X,Aa,DBSM/M/Klemm,"II 4,5b","II 4,5b",De civitate dei : , : ,,,,,,,,,,1,02
1066965706,L-1494-315495928,Aa,DBSM/M/Klemm,"II 13,1a","II 13,1a",De civitate dei : , : ,,,,,,,,,,1,02
1066965714,L-1473-315495936,Aaf,DBSM/M/Klemm,"II 1,3l","II 1,3l",De civitate Dei : , : ,,,,,,,,,,1,02
1066965714,L-1473-315495944,Aaf,DBSM/M/Klemm,"II 1,3la - Fragm.","II 1,3la - Fragm.",De civitate Dei : , : ,,,,,,,,Autopsie 13.8.2018,,1,03
1066965730,L-1489-315495960,Aaf,DBSM/M/Klemm,"II 82,27a","II 82,27a",De civitate Dei : , : ,,,,,,,,,,1,02
1066965749,L-1475-315495979,Aaf,DBSM/M/Klemm,"II 30,7c","II 30,7c",De duodecim abusionum gradibus : , : ,,,,,,,,,,1,02
1066965765,L-1480-315496002,Aaf,DBSM/M/Klemm,"II 8,8a","II 8,8a",De sancta virginitate : , : ,,,,,,,,,,1,02
1066965773,L-1490-315496010,Aa,DBSM/M/Klemm,"II 4,5c (angebunden an II 4,5b)","II 4,5c (angebunden an II 4,5b)",De trinitate : , : ,,,,,,,,,,1,02
1066965781,L-1489-315496037,Aa,DBSM/M/Klemm,"II 82,30a (1. angeb. Werk)","II 82,30a (1. angeb. Werk)",De trinitate : , : ,,,,,,,,,,1,03
106696579X,L-1475-315496045,Aaf,DBSM/M/Klemm,"II 12,1d","II 12,1d",De vanitate saeculi : , : ,,,,,,,,,,1,02
1066965803,L-1499-315496053,Aaf,DBSM/M/Klemm,"II 67,4a","II 67,4a",De virtute Psalmorum : , : ,,,,,,,,,,1,02
1066965811,L-1467-315496061,Aaf,DBSM/M/Klemm,"II 8,1a","II 8,1a",De vita Christiana : , : ,,,,,,,,,,1,02
106696582X,L-1471-31549607X,Aa,DBSM/M/Klemm,"II 30,1i","II 30,1i",Epistolae : , : ,,,,,,,,Autopsie 5.7.2018,,1,02
1066965838,L-1489-31549610X,Aaf,DBSM/M/Klemm,"II 4,5a","II 4,5a",Explanatio psalmorum : P. 1-3, : ,,,,,,,,,,1,04
1066965846,L-1473-315496118,Aaf,DBSM/M/Klemm,"II 30,5a","II 30,5a",Manuale : , : ,,,,,,,,,,1,02
1066965854,L-1497-315496126,Aaf,DBSM/M/Klemm,"II 62,4b","II 62,4b",Opus quaestionum : , : ,,,,,,,,,,1,02
1066965862,L-1491-315496134,Aaf,DBSM/M/Klemm,"II 30,15d","II 30,15d",Opuscula plurima : , : ,,,,,,,,,,1,02
1066965870,L-1475-315496150,Aaf,DBSM/M/Klemm,"II 2,5a","II 2,5a",Quinquaginta : , : ,,,,,,,,,,1,02
1066965889,L-1474-315496169,Aaf,DBSM/M/Klemm,"II 8,5a","II 8,5a",Sermo super orationem dominicam : , : ,,,,,,,,,,1,02
1066965897,L-1486-315496177,Aaf,DBSM/M/Klemm,"II 44,2a","II 44,2a",Sermones ad fratres in eremo : , : ,,,,,,,,,,1,02
1066965927,L-1493-315496215,Aaf,DBSM/M/Klemm,"II 30,7h","II 30,7h",Sermones ad heremitas. [Enth. außerdem:] Homiliae duae : , : ,,,,,,,,,,1,02
1066965927,L-1493-315496207,Aaf,DBSM/M/Klemm,"II 30,7ha","II 30,7ha",Sermones ad heremitas. [Enth. außerdem:] Homiliae duae : , : ,,,,,,,,,,1,03
1066965935,L-1499-315496223,Aaf,DBSM/M/Klemm,"II 67,7a","II 67,7a",Sermones : , : ,,,,,,,,,,1,02
1066965943,L-1476-315496231,Aaf,DBSM/M/Klemm,"II 63,3b","II 63,3b",Super I. et II. Decretalium : , : ,,,,,,,,,,1,02
1066965978,L-1495-315496274,Aaf,DBSM/M/Klemm,"II 82,26a","II 82,26a",Summa casuum conscientiae : , : ,,,,,,,,,,1,03
1066965994,L-1499-315496290,Aaf,DBSM/M/Klemm,"II 82,40a","II 82,40a",Parthenice prima sive Mariana : , : ,,,,,,,,,,1,02
1066966001,L-1480-315496304,Aaf,DBSM/M/Klemm,"II 62,1a","II 62,1a",De proprietatibus rerum : , : ,,,,,,,,,,1,02
106696601X,L-1483-315496312,Aa,DBSM/M/Klemm,"II 30,14b","II 30,14b",De proprietatibus rerum : , : ,,,,,,,,,,1,02
1066966060,L-1489-315496363,Aaf,DBSM/M/Klemm,"II 4,7d","II 4,7d",Casus decretorum : , : ,,,,,,,,,,1,02
1066966087,L-1478-31549638X,Aaf,DBSM/M/Klemm,"II 63,4a","II 63,4a",Confessionale : , : ,,,,,,,,,,1,02
1066966095,L-1485-315496398,Aa,DBSM/M/Klemm,"II 15,1d","II 15,1d",Confessionale : , : ,,,,,,,,,,1,02
1066966109,L-1478-315496401,Aaf,DBSM/M/Klemm,"II 1,3x","II 1,3x",Interrogatorium sive confessionale : , : ,,,,,,,,Autopsie,,1,02
1066966117,L-1478-31549641X,Aaf,DBSM/M/Klemm,"II 82,2f","II 82,2f",Super I. parte Infortiati : , : ,,,,,,,,,,1,02
1066966125,L-1471-315496428,Aaf,DBSM/M/Klemm,"II 82,1g (I)","II 82,1g (I)",Super prima parte Codicis : , : ,,,,,,,,,,1,02
1066966133,L-1471-315496436,Aaf,DBSM/M/Klemm,"II 82,1g (II)","II 82,1g (II)",Super secunda parte Codicis : , : ,,,,,,,,,,1,02
1066966141,L-1489-315496444,Aaf,DBSM/M/Klemm,"II 1,3g kursiv","II 1,3g kursiv",De legendis antiquorum libris sive De liberalibus studiis : , : ,,,,,,,,,,1,02
1066966168,L-1474-315496460,Aaf,DBSM/M/Klemm,"II 30,6a","II 30,6a",Liber Bibliae moralis : , : ,,,,,,,,,,1,02
1066966176,L-1474-315496479,Aaf,DBSM/M/Klemm,"II 32,1 b","II 32,1 b",Liber Bibliae moralis : , : ,,,,,,,,,,1,02
1066966214,L-1496-315496509,Aaf,DBSM/M/Klemm,"II 30,15l","II 30,15l",Mariale : , : ,,,,,,,,,,1,02
1066966222,L-1474-315496517,Aaf,DBSM/M/Klemm,"II 30,5b","II 30,5b",De contractibus et usuris : , : ,,,,,,,,,,1,02
1066966230,L-1470-315496525,Aaf,DBSM/M/Klemm,"II 8,1e","II 8,1e",Sermo de gloriosa Virgine Maria : , : ,,,,,,,,,,1,02
1066966257,L-1474-315496541,Aaf,DBSM/M/Klemm,"II 30,3 e","II 30,3 e",Epistolae [u. a.] : , : ,,,,,,,,,,1,02
1066966265,L-1481-31549655X,Aaf,DBSM/M/Klemm,"II 45,1b","II 45,1b",Sermones de tempore et de sanctis : , : ,,,,,,,,,,1,02
1066966273,L-1495-315496568,Aa,DBSM/M/Klemm,"II 4,7g","II 4,7g",Sermones de tempore et de sanctis : , : ,,,,,,,,,,1,02
1066966281,L-1475-315496576,Aaf,DBSM/M/Klemm,"II 1,3q","II 1,3q",Sermones de tempore et de sanctis et De diversis : , : ,,,,,,,,,,1,02
1066966311,L-1497-315496592,Aaf,DBSM/M/Klemm,"II 30,15m","II 30,15m",Sermones super Cantica canticorum : , : ,,,,,,,,,,1,02
106696632X,L-1473-315496606,Aaf,DBSM/M/Klemm,"II 8,1f","II 8,1f",Speculum de honestate vitae : , : ,,,,,,,,,,1,02
1066966338,L-1472-315496614,Aa,DBSM/M/Klemm,"II 4,4e","II 4,4e",Speculum de honestate vitae : , : ,,,,,,,,,,1,02
1066966346,L-1498-315496622,Aaf,DBSM/M/Klemm,"II 43,6a","II 43,6a",Heptalogos : , : ,,,,,,,,,,1,02
1066966362,L-1495-315496649,Aaf,DBSM/M/Klemm,"II 43,5a","II 43,5a",De felicitate : , : ,,,,,,,,,,1,02
1066966419,L-1462-31549669X,Aa,DBSM/M/Klemm,"II 1,2ca - Fragm.","II 1,2ca - Fragm.","Biblia, lat. : ", : ,,,,,,,,,,1,02
1066966427,L-1468-315496703,Aaf,DBSM/M/Klemm,"II 30,3f - Fragm.","II 30,3f - Fragm.","Biblia, lat. : ", : ,,,,,,,,Autopsie 8.8.2018,,1,02
1066966435,L-1472-315496711,Aaf,DBSM/M/Klemm,"II 1,3h","II 1,3h","Biblia, lat. : ", : ,,,,,,,,,,1,02
106696646X,L-1475-315496754,Aaf,DBSM/M/Klemm,"II 24,3 a","II 24,3 a","Biblia, lat. : ", : ,,,,,,,,,,1,02
1066966486,L-1487-315496770,Aaf,DBSM/M/Klemm,"II 4,7c","II 4,7c","Biblia, lat. : ", : ,,,,,,,,,,1,02
1066966508,L-1489-315496797,Aa,DBSM/M/Klemm,"II 29,2f","II 29,2f","Biblia, lat. : ", : ,,,,,,,,,,1,02
1066966524,L-1461-315496819,Aaf,DBSM/M/Klemm,"II 3,1a - Fragm.","II 3,1a - Fragm.","Biblia, lat., 36zeilig : ", : ,,,,,,,,,,1,02
1066966540,L-1454-315496827,Aa,DBSM/M/Klemm,"II 1,1 ab - Fragm.","II 1,1 ab - Fragm.","Biblia, 42zeilig : ", : ,,,,,,,,"nicht nachgewiesen bei Schwenke (1923) und Norman (1961); lt. Ausk. Antiq. Hertzberger keine Provenienz bekannt (Briefwechsel DBSM, 1954-1957); Eric M. White schrieb dazu (mail): ""That Bible was at the Mannheim court before 1803, then the Staatsbibliothek in Munich, then the English collector Robert Curzon [Baron Zouche] from 1832, [bis 1920 in Familienbesitz, dann durch Mary Cecil Frankland, Baroness Zouche, versteigert bei Sotheby, Nov. 1920, Lot 70, an Joseph Sabin; Quelle: McCune collection website], and finally the dealer Gabriel Wells [New York], who sold the individual leaves with the essay in 1921""; Wikipedia: ""The leaves were sold in a portfolio case with an essay written by A. Edward Newton, and were referred to as 'Noble Fragments'"". Im 18. Jh. Besitz von Maria Elisabeth Augusta von Sulzbach; 1832 als Dubl. d. Münchner Hofbibl. versteigert (Powitz 1990, Zensus Nr. 47)",,1,02
1066966575,L-1489-315496878,Aa,DBSM/M/Klemm,"II 82,27b","II 82,27b","Biblia, lat. : ", : ,,,,,,,,,,1,03
1066966613,L-1493-375566767,Aa,DBSM/M/Klemm,"II 90,1a - [16] Fragm. (ÜF / 4. OG: R73A/10/1)","II 90,1a - [16] Fragm.","Biblia, lat. : ", : ,,,,1066941572,Qd,,,,,1,03
1066966621,L-1497-315496916,Aa,DBSM/M/Klemm,"II 24,3f kursiv","II 24,3f kursiv","Biblia, lat. : ", : ,,,,,,,,,,1,02
1066966656,L-1474-315496940,Aaf,DBSM/M/Klemm,"II 4,3e","II 4,3e","Biblia, lat. : ", : ,,,,,,,,,,1,02
1066966680,L-1495-315496983,Aa,DBSM/M/Klemm,"II 4,9a","II 4,9a","Biblia, lat. : ", : ,,,,,,,,,,1,03
1066966729,L-1500-315497025,Aaf,DBSM/M/Klemm,"II 31,1b","II 31,1b",Epitoma expositionis sacri canonis missae : , : ,,,,,,,,eingekl.: Ausschnitt aus dt. Antiquariatskat.,,1,02
1066966737,L-1488-315497033,Aa,DBSM/M/Klemm,"II 28,2b","II 28,2b",Sacri canonis missae expositio : , : ,,,,,,,,,,1,02
1066966753,L-1475-31549705X,Aaf,DBSM/M/Klemm,"II 32,1d","II 32,1d",Aurea Biblia sive Repertorium aureum Bibliorum : , : ,,,,,,,,,,1,02
1066966761,L-1477-315497076,Aa,DBSM/M/Klemm,"II 2,7b","II 2,7b",Die @güldene Bibel : , : ,,,,,,,,,,1,03
1066966796,L-1481-315497092,Aaf,DBSM/M/Klemm,"II 83,2a","II 83,2a",Roma instaurata : , : ,,,,,,,,,,1,02
106696680X,L-1470-315497106,Aaf,DBSM/M/Klemm,"II 1,3d kursiv","II 1,3d kursiv",De duobus amantibus : , : ,,,,,,,,Autopsie 19.7.2018,,1,02
1066966818,L-1481-315497114,Aa,DBSM/M/Klemm,"II 74,1a","II 74,1a",Genealogiae deorum : , : ,,,,,,,,Autopsie 13.12.2018,,1,02
1066966826,L-1497-315497122,Aaf,DBSM/M/Klemm,"II 8,13e","II 8,13e",De consolatione philosophiae : , : ,,,,,,,,Autopsie 14.12.2018,,1,02
1066966842,L-1500-315497149,Aaf,DBSM/M/Klemm,"II 30,18b","II 30,18b",Von dem trost der weißheit : , : ,,,,,,,,,,1,02
1066966850,L-1415-315497157,Aaf,DBSM/M/Klemm,"II 30,7g","II 30,7g",De disciplina scholarium : mit Komm., : ,,,,,,,,,,1,02
1066966869,L-1489-315497165,Aaf,DBSM/M/Klemm,"II 82,30a (2. angeb. Werk)","II 82,30a (2. angeb. Werk)",De trinitate : , : ,,,,,,,,,,1,02
1066966877,L-1486-315497173,Aaf,DBSM/M/Klemm,"II 43,2a","II 43,2a",Collectio florum Decretorum : , : ,,,,,,,,,,1,02
1066966885,L-1472-315497181,Aa,DBSM/M/Klemm,"II 24,1b","II 24,1b",Breviloquium : , : ,,,,,,,,,,1,02
1066966923,L-1468-31549722X,Aaf,DBSM/M/Klemm,"II 2,1a","II 2,1a",Meditationes vitae Christi : , : ,,,,,,,,,,1,02
1066966931,L-1489-315497238,Aaf,DBSM/M/Klemm,"II 30,15c","II 30,15c",Opuscula : , : ,,,,,,,,,,1,02
106696694X,L-1483-315497246,Aaf,DBSM/M/Klemm,"II 30,14p","II 30,14p",Sermones mediocres de tempore : , : ,,,,,,,,,,1,02
1066966958,L-1474-315497254,Aaf,DBSM/M/Klemm,"II 30,3h","II 30,3h",Soliloquium : , : ,,,,,,,,,,1,02
1066966966,L-1477-315497262,Aaf,DBSM/M/Klemm,"II 2,5p","II 2,5p",Speculum Beatae Mariae Virginis : , : ,,,,,,,,,,1,02
1066966990,L-1470-315497297,Aaf,DBSM/M/Klemm,"II 30,3i","II 30,3i",Liber sextus Decretalium : , : ,,,,,,,,,,1,02
1066967008,L-1473-315497300,Aaf,DBSM/M/Klemm,"II 1,3k","II 1,3k",Liber sextus Decretalium : , : ,,,,,,,,,,1,02
1066967016,L-1476-315497319,Aaf,DBSM/M/Klemm,"II 1,3r","II 1,3r",Liber sextus Decretalium : , : ,,,,,,,,,,1,02
1066967113,L-1475-315497378,Aa,DBSM/M/Klemm,"II 4,2f","II 4,2f",Speculum sapientiae : , : ,,,,,,,,,,1,02
1066967148,L-1492-315497408,Aaf,DBSM/M/Klemm,"II 1,3ba kursiv - Fragm.","II 1,3ba kursiv - Fragm.",Cronecken der Sassen : , : ,,,,,,,,,,1,02
1066967156,L-1495-315497416,Aaf,DBSM/M/Klemm,"II 2,11a","II 2,11a",Vocabularius rerum : , : ,,,,,,,,,,1,02
1066967172,L-1497-315497432,Aaf,DBSM/M/Klemm,"II 4,10c","II 4,10c",Stultifera navis : , : ,,,,,,,,,,1,02
1066967202,L-1474-315497467,Aaf,DBSM/M/Klemm,"II 21,1a","II 21,1a",Breviarium Moguntinum : , : ,,,,,,,,,,1,02
1066967202,L-1476-316067881,Aaf,DBSM/M/Klemm,"II 21,1b - Fragm","II 21,1b - Fragm.",Breviarium Moguntinum : , : ,,,,,,,,,,1,03
1066967210,L-1488-315497483,Aaf,DBSM/M/Klemm,"II 2,5h","II 2,5h",Die @heiligen Reisen gen Jerusalem : , : ,,,,,,,,,,1,03
1066967229,L-1470-315497491,Aaf,DBSM/M/Klemm,"II 54,1a","II 54,1a",De bello Italico adversus Gothos : , : ,,,,,,,,,,1,02
1066967261,L-1496-315497521,Aaf,DBSM/M/Klemm,"II 82,36b","II 82,36b",Corona aurea : , : ,,,,,,,,,,1,02
106696727X,L-1473-31549753X,Aaf,DBSM/M/Klemm,"II 24,3c kursiv","II 24,3c kursiv",De vita et moribus philosophorum : , : ,,,,,,,,,,1,02
1066967288,L-1490-315497548,Aaf,DBSM/M/Klemm,"II 2,5l","II 2,5l",Buch von dem Leben und Sitten der heydnischen Maister : , : ,,,,,,,,,,1,02
1066967342,L-1485-315497599,Aaf,DBSM/M/Klemm,"II 82,20a","II 82,20a",Opera : , : ,,,,,,,,,,1,02
1066967350,L-1475-315497602,Aaf,DBSM/M/Klemm,"II 30,2c","II 30,2c","Sermones de adventu, etc. : ", : ,,,,,,,,,,1,02
1066967369,L-1484-315497610,Aa,DBSM/M/Klemm,"II 30,9d","II 30,9d","Sermones de adventu, Sermo de S. Joseph, Sermo de beatitudine, Sermones de divina caritate, Sermones de immortalitate animae. Enth. außerdem: Dominicu", : ,,,,,,,,,,1,02
1066967377,L-1496-315497629,Aaf,DBSM/M/Klemm,"II 25,1a","II 25,1a",Sermones quadragesimales de peccatis : , : ,,,,,,,,,,1,02
1066967385,L-1473-315497637,Aa,DBSM/M/Klemm,"II 8,6m - 2","II 8,6m - 2",Sermones quadragesimales de poenitentia : , : ,,,,,,,,,,1,02
1066967393,L-1472-315497645,Aa,DBSM/M/Klemm,"II 82,1e","II 82,1e",Sermones quadragesimales de poenitentia. Sermo in festo annuntiationis virginis Mariae Ne timeas Maria ... . Sermo de praedestinatorum numero et damna, : ,,,,,,,,,,1,02
1066967407,L-1491-315497661,Aaf,DBSM/M/Klemm,"II 4,5d","II 4,5d",Expositio in Psalterium : , : ,,,,,,,,,,1,03
1066967415,L-1472-31549767X,Aaf,DBSM/M/Klemm,"II 2,2c","II 2,2c",Historia ecclesiastica tripartita : , : ,,,,,,,,,,1,02
1066967431,L-1479-315497696,Aaf,DBSM/M/Klemm,"II 82,5a","II 82,5a",De inventione sive Rhetorica vetus : , : ,,,,,,,,,,1,02
106696744X,L-1487-31549770X,Aa,DBSM/M/Klemm,"II 82,29a","II 82,29a",De inventione sive Rhetorica vetus : , : ,,,,,,,,,,1,02
1066967458,L-1498-315497718,Aaf,DBSM/M/Klemm,"II 74,3a","II 74,3d (angebunden); II 43,5b (angebunden); II 74,3c (angebunden); II 74,3b (angebunden); II 74,3a",De natura deorum : , : ,,,,,,,,"früher mit mehreren Signaturen, diese sind nicht mehr im elektron. Inkunabelkatalog von 2006 aufgeführt; im GW als Sammelband",,1,02
1066967466,L-1487-315497726,Aaf,DBSM/M/Klemm,"II 82,29b","II 82,29b",De officiis : , : ,,,,,,,,,,1,02
1066967474,L-1478-315497734,Aaf,DBSM/DA,(04.04.02.0843),"II 63,2 d",Epistolae ad familiares : , : ,,,,,,a,,hs. Vermerk unter d. Kolophon: Haec ed. pluribus locis et emendatior superioribus Rom. et Ven. praefertibus hac Ern[e]sti,,1,02
1066967482,L-1476-315497742,Aaf,DBSM/M/Klemm,"II 1,3u (angebunden)","II 1,3u",Constitutiones : , : ,,,,,,,,,,1,02
1066967539,L-1483-315497785,Aaf,DBSM/M/Klemm,"II 30,14q","II 30,14q",Compendium iuris canonici : , : ,,,,,,,,,,1,02
1066967555,L-1478-315497815,Aa,DBSM/M/Klemm,"II 28,1e","II 28,1e",Sermones de sanctis : , : ,,,,,,,,Autopsie 20.11.2018,,1,02
1066967563,L-1484-315497823,Aa,DBSM/M/Klemm,"II 30,12a","II 30,12a",Sermones de sanctis : , : ,,,,,,,,,,1,02
106696758X,L-1476-315497831,Aa,DBSM/M/Klemm,"II 2,5b","II 2,5b",Sermones de tempore : , : ,,,,,,,,,,1,02
1066967598,L-1475-31549784X,Aaf,DBSM/M/Klemm,"II 4,1c","II 4,1c",Fabularius seu Repertorium vocabulorum : , : ,,,,,,,,,,1,02
1066967601,L-1474-315497858,Aaf,DBSM/M/Klemm,"II 30,1k","II 30,1k",Concordantiae bibliorum : , : ,,,,,,,,,,1,02
106696761X,L-1481-315497866,Aal,DBSM/M/Klemm,"II 28,2c","II 28,2c",Concordantiae bibliorum : , : ,,,,,,,,,,1,02
1066967636,L-1474-315497882,Aaf,DBSM/M/Klemm,"II 21,1c","II 21,1c",Constitutiones congregationis Bursfeldensis ordinis S. Benedictini sive Cerimoniale monachorum ord. S. Benedicti : , : ,,,,,,,,,,1,02
1066967644,L-1483-315497904,Aaf,DBSM/M/Klemm,"II 8,10a","II 8,10a",Cordiale quattuor novissimorum : , : ,,,,,,,,,,1,03
1066967652,L-1475-315497912,Aaf,DBSM/M/Klemm,"II 1,3p; Großformate","II 1,3p",Corpus iuris civilis. Codex Justinianus : , : ,,,,,,,,,,1,02
1066967660,L-1477-315497920,Aaf,DBSM/M/Klemm,"II 82,28 b","II 82,28 b",Corpus iuris civilis. Digesta Iustiniani. Infortiatum : , : ,,,,,,,,,,1,02
1066967679,L-1479-315497939,Aaf,DBSM/M/Klemm,"II 66,3a","II 66,3a",Corpus iuris civilis. Digestum novum : , : ,,,,,,,,,,1,02
1066967695,L-1483-315497955,Aaf,DBSM/M/Klemm,"II 30,14f","II 30,14f",Ruralia commoda : , : ,,,,,,,,,,1,02
1066967709,L-1476-315497963,Aa,DBSM/M/Klemm,"II 51,1b (angebunden)","II 51,1b (angebunden)",Speculum sapientiae : , : ,,,,,,,,,k,1,02
1066967725,L-1497-31549798X,Aaf,DBSM/M/Klemm,"II 82,37b","II 82,37b",La @Commedia : , : ,,,,,,,,,,1,02
106696775X,L-1477-315498013,Aaf,DBSM/M/Klemm,"II 27,1a","II 27,1a","Dialogus inter Hugonem, Catonem, et Oliverium super libertate ecclesiastica : ", : ,,,,,,,,,,1,02
1066967768,L-1476-315498021,Aaf,DBSM/M/Klemm,"II 82,9a","II 82,9a",Bibliothecae historicae libri VI : , : ,,,,,,,,,,1,02
1066967776,L-1497-315498048,Aaf,DBSM/M/Klemm,"II 82,34c","II 82,34c",Vitae et sententiae philosophorum : , : ,,,,,,,,,,1,02
1066967784,L-1495-315498056,Aaf,DBSM/M/Klemm,"II 24,8 b","II 24,8 b",Specula omnis status vitae humanae : , : ,,,,,,,,,,1,02
1066967806,L-1489-315498072,Aaf,DBSM/M/Klemm,"II 30,16a","II 30,16a",Directorium statuum seu verius Tribulatio seculi : , : ,,,,,,,,,,1,02
1066967830,L-1475-315498099,Aaf,DBSM/M/Klemm,"II 44,5a","II 44,5a",Commentarii in Iuvenalem : , : ,,,,,,,,,,1,02
1066967857,L-1498-315498110,Aaf,DBSM/M/Klemm,"II 29,3a","II 29,3a",Ars minor : mit deutscher Interlinearglosse, : ,,,,,,,,,,1,02
1066967873,L-1481-315498129,Aaf,DBSM/M/Klemm,"II 24,3 k","II 24,3 k",Quaestiones in quattuor libros Sententiarum : , : ,,,,,,,,,,1,02
1066967881,L-1481-315498137,Aaf,DBSM/M/Klemm,"II 82,17e","II 82,17e",Quodlibeta : , : ,,,,,,,,,,1,02
1066967903,L-1470-315498153,Aaf,DBSM/M/Klemm,"II 2,1d","II 2,1d",Rationale divinorum officiorum : , : ,,,,,,,,,,1,02
1066967911,L-1473-315498161,Aaf,DBSM/M/Klemm,"II 32,1a","II 32,1a",Rationale divinorum officiorum : , : ,,,,,,,,,,1,02
106696792X,L-1475-315498188,Aaf,DBSM/M/Klemm,"II 32,1c","II 32,1c",Rationale divinorum officiorum : , : ,,,,,,,,,,1,02
106696792X,L-1475-315498196,Aaf,DBSM/M/Klemm,"II 32,1ca - Fragm.","II 32,1ca - Fragm.",Rationale divinorum officiorum : , : ,,,,,,,,,,1,03
1066967938,L-1476-31549820X,Aaf,DBSM/M/Klemm,"II 29,2h","II 29,2h",Rationale divinorum officiorum : , : ,,,,,,,,,,1,02
1066967962,L-1481-315498234,Aaf,DBSM/M/Klemm,"II 24,3i","II 24,3i",Rationale divinorum officiorum : , : ,,,,,,,,,,1,02
1066967970,L-1486-315498242,Aaf,DBSM/M/Klemm,"II 30,12b","II 30,12b",Rationale divinorum officiorum : , : ,,,,,,,,,,1,02
1066967997,L-1459-315498269,Aa,DBSM/M/Klemm,"II 1,2ba - Fragm.","II 1,2ba - Fragm.",Rationale divinorum officiorum : , : ,,,,,,,,,,1,02
1066968020,L-1478-375324100,Aaf,DBSM/M/Klemm,"II 90,1a - [5] Fragm. (ÜF / 4. OG: R73A/10/1)","II 90,1a - [5] Fragm.",Sermones dominicales super epistolas Pauli : , : ,,,,1066941572,Qd,,,,,1,03
1066968039,L-1481-315498307,Aaf,DBSM/M/Klemm,"II 1,3i kursiv","II 1,3i kursiv",Eingang der Himmel : , : ,,,,,,,,,,1,02
1066968047,L-1470-315498315,Aaf,DBSM/M/Klemm,"II 8,3a","II 8,3a",Soliloquium : , : ,,,,,,,,,,1,02
1066968055,L-1491-315498331,Aaf,DBSM/M/Klemm,"II 13,1d","II 13,1d",Sermones : , : ,,,,,,,,,,1,02
1066968098,L-1483-327015608,Aaf,DBSM/M/Klemm,"II 82,7d","II 82,7d",Chronicon : , : ,,,,,,,,,,1,03
106696811X,L-1479-315498382,Aa,DBSM/M/Klemm,"II 64,1b","II 64,1b",Historia ecclesiastica : , : ,,,,,,,,,,1,02
1066968128,L-1482-315498390,Aaf,DBSM/M/Klemm,"II 26,1a","II 26,1a",Epistola de morte Hieronymi : , : ,,,,,,,,,,1,02
1066968136,L-1497-315498404,Aaf,DBSM/M/Klemm,"II 82,16 b","II 82,16 b",Commentarius in Institutiones : , : ,,,,,,,,,,1,02
1066968144,L-1500-315498412,Aaf,DBSM/M/Klemm,"II 82,41a","II 82,41a",De Christiana religione : , : ,,,,,,,,,,1,02
1066968179,L-1485-315498447,Aaf,DBSM/M/Klemm,"II 82,7f","II 82,7f",Opusculum repertorii prognosticon in mutationes aeris : , : ,,,,,,,,,,1,02
1066968187,L-1487-315498455,Aaf,DBSM/M/Klemm,"II 30,13b","II 30,13b",Sententiarum variationes sive Synonyma : [lat.-deutsch], : ,,,,,,,,,,1,02
1066968217,L-1488-315498471,Aaf,DBSM/M/Klemm,"II 15,1b","II 15,1b",Formulare und deutsch Rhetorica : , : ,,,,,,,,,,1,02
1066968225,L-1473-31549848X,Aaf,DBSM/M/Klemm,"II 66,2a","II 66,2a","Opus restitutionum, usurarum, excommunicationum : ", : ,,,,,,,,,,1,02
106696825X,L-1481-31549851X,Aaf,DBSM/M/Klemm,"II 82,17 a","II 82,17 a",Lectura super Clementinis : , : ,,,,,,,,,,1,02
1066968268,L-1480-315498528,Aaf,DBSM/M/Klemm,"II 82,12a","II 82,12a",Grammatica : , : ,,,,,,,,,,1,02
1066968314,L-1473-315498560,Aaf,DBSM/M/Klemm,"II 30,3k","II 30,3k",Malogranatum : , : ,,,,,,,,,,1,02
1066968322,L-1472-315498579,Aaf,DBSM/M/Klemm,"II 4,2e","II 4,2e",Epistolae : , : ,,,,,,,,,,1,02
1066968330,L-1474-315498587,Aa,DBSM/M/Klemm,"II 4,4d","II 4,4d",Epistolae : , : ,,,,,,,,,,1,02
1066968349,L-1485-315498595,Aa,DBSM/M/Klemm,"II 44,1a","II 44,1a",Noctes Atticae : , : ,,,,,,,,,,1,02
1066968373,L-1492-315498625,Aaf,DBSM/DA,(04.03.03.02.0838),"II 8,13c",Cordiale quattuor novissimorum : mit Exempla, : ,,,,,,a,,,,1,02
1066968381,L-1488-315498633,Aaf,DBSM/M/Klemm,"II 30,13e","II 30,13e",De spiritualibus ascensionibus : P. 1-3, : ,,,,,,,,,,1,02
106696839X,L-1476-315498641,Aaf,DBSM/M/Klemm,"II 8,2b","II 8,2b",Declaratio modi et formae venditionis et emptionis reddituum perpetuorum et vitalium : , : ,,,,,,,,,,1,02
1066968403,L-1472-31549865X,Aaf,DBSM/M/Klemm,"II 8,1g","II 8,1g",Conclusiones de diversis materiis moralibus : , : ,,,,,,,,,,1,02
1066968411,L-1471-315498668,Aa,DBSM/M/Klemm,"II 24,1d","II 24,1d",Conclusiones de diversis materiis moralibus sive De regulis mandatorum : , : ,,,,,,,,,,1,02
106696842X,L-1475-315498676,Aa,DBSM/M/Klemm,"II 2,6a","II 2,6a",Conclusiones de diversis materiis moralibus sive De regulis mandatorum : , : ,,,,,,,,,,1,02
1066968438,L-1470-315498684,Aaf,DBSM/M/Klemm,"II 8,1i","II 8,1i",De meditatione cordis. De modo orandi. De valore orationis et de attentione : , : ,,,,,,,,,,1,02
1066968446,L-1472-315498692,Aaf,DBSM/M/Klemm,"II 8,1h","II 8,1h",De pollutione nocturna : , : ,,,,,,,,,,1,02
1066968454,L-1470-315498706,Aaf,DBSM/M/Klemm,"II 24,1a","II 24,1a",De spiritualibus nuptiis sive Opusculum super Cantica canticorum : , : ,,,,,,,,,,1,02
1066968527,L-1472-315498781,Aaf,DBSM/M/Klemm,"II 1,3i","II 1,3i",Decretum : , : ,,,,,,,,Autopsie 5.7.2018,,1,02
1066968535,L-1472-31549879X,Aaf,DBSM/M/Klemm,"II 30,3 c","II 30,3 c",Decretum : , : ,,,,,,,,,,1,02
1066968551,L-1476-315498803,Aa,DBSM/M/Klemm,"II 4,3a","II 4,3a",Decretum : , : ,,,,,,,,,,1,02
106696856X,L-1481-315498811,Aa,DBSM/M/Klemm,"II 4,2d","II 4,2d",Decretum : , : ,,,,,,,,,,1,02
1066968594,L-1496-327017139,Aaf,DBSM/M/Klemm,"II 82,16 a","II 82,16 a",Decretum : , : ,,,,,,,,,,1,02
1066968616,L-1471-315498870,Aa,DBSM/M/Klemm,"II 30,3 a","II 30,3 a",Decretum : , : ,,,,,,,,kein Eignervermerk,,1,02
1066968632,L-1496-315498897,Aaf,DBSM/M/Klemm,"II 4,8c","II 4,8c",Dialogorum libri quattuor : , : ,,,,,,,,,,1,02
1066968667,L-1472-315498900,Aaf,DBSM/M/Klemm,"II 4,1b","II 4,1b",Moralia sive Expositio in Job : , : ,,,,,,,,,,1,02
1066968675,L-1480-315498919,Aa,DBSM/M/Klemm,"II 82,10a","II 82,10a",Moralia sive Expositio in Job : , : ,,,,,,,,,,1,02
1066968721,L-1472-315498978,Aaf,DBSM/M/Klemm,"II 4,4g","II 4,4g",Pastorale sive Regula pastoralis : , : ,,,,,,,,,,1,02
106696873X,L-1496-315498986,Aa,DBSM/M/Klemm,"II 4,8a","II 4,8a",Pastorale sive Regula pastoralis : , : ,,,,,,,,,,1,02
1066968748,L-1471-315498994,Aaf,DBSM/M/Klemm,"II 8,1k","II 8,1k",Regula pastoralis : , : ,,,,,,,,,,1,02
1066968756,L-1470-315499001,Aaf,DBSM/M/Klemm,"II 30,3l","II 30,3l",Decretales : , : ,,,,,,,,,,1,02
1066968764,L-1473-31549901X,Aaf,DBSM/M/Klemm,"II 1,3m","II 1,3m",Decretales : , : ,,,,,,,,,,1,02
1066968764,L-1473-315499028,Aaf,DBSM/M/Klemm,"II 1,3ma - Fragm.","II 1,3ma - Fragm.",Decretales : , : ,,,,,,,,,,1,03
1066968780,L-1481-315499052,Aa,DBSM/M/Klemm,"II 82,17d","II 82,17d",Decretales : , : ,,,,,,,,,,1,03
1066968810,L-1479-315499087,Aaf,DBSM/M/Klemm,"II 1,3y","II 1,3y",Decretales : , : ,,,,,,,,,,1,02
1066968829,L-1494-315499095,Aaf,DBSM/M/Klemm,"II 1,9b","II 1,9b",Lucubratiunculae : , : ,,,,,,,,,,1,02
1066968837,L-1489-315499109,Aaf,DBSM/M/Klemm,"II 15,1c","II 15,1c",De ordine docendi ac discendi : , : ,,,,,,,,,,1,02
1066968845,L-1473-315499117,Aaf,DBSM/M/Klemm,"II 30,1l","II 30,1l",Rosarium decretorum : , : ,,,,,,,,,,1,02
1066968853,L-1481-315499125,Aal,DBSM/M/Klemm,"II 82,17 b","II 82,17 b",Rosarium decretorum : , : ,,,,,,,,,,1,02
1066968861,L-1493-315499133,Aaf,DBSM/M/Klemm,"II 30,15g","II 30,15g",Manipulus curatorum : , : ,,,,,,,,,,1,02
106696887X,L-1472-315499141,Aaf,DBSM/M/Klemm,"II 2,1i","II 2,1i",Postilla super epistolas et evangelia : , : ,,,,,,,,Autopsie 11.12.2018,,1,02
106696890X,L-1496-315499184,Aa,DBSM/M/Klemm,"II 24,9f","II 24,9f",Opera : , : ,,,,,,,,,,1,02
1066968918,L-1478-315499192,Aaf,DBSM/M/Klemm,"II 28,1d","II 28,1d",Postilla super epistolas et evangelia : , : ,,,,,,,,,,1,02
1066968926,L-1486-315499206,Aa,DBSM/M/Klemm,"II 32,2b","II 32,2b",Postilla super epistolas et evangelia : , : ,,,,,,,,,,1,02
1066968934,L-1491-315499214,Aaf,DBSM/M/Klemm,"II 13,1c","II 13,1c",Rhetorica divina : , : ,,,,,,,,,,1,02
1066968950,L-1474-315499230,Aaf,DBSM/M/Klemm,"II 8,6b","II 8,6b",Diaeta salutis : , : ,,,,,,,,,,1,02
1066968977,L-1499-315499249,Aaf,DBSM/M/Klemm,"II 31,1a","II 31,1a",Sermones de tempore et de sanctis : , : ,,,,,,,,,,1,02
1066968993,L-1482-315499265,Aaf,DBSM/M/Klemm,"II 8,1c","II 8,1c",Postilla super epistolas et evangelia : , : ,,,,,,,,,,1,02
1066969000,L-1494-315499273,Aa,DBSM/M/Klemm,"II 8,13m","II 8,13m",Postilla super epistolas et evangelia : , : ,,,,,,,,,,1,02
1066969027,L-1473-315499303,Aaf,DBSM/M/Klemm,"II 30,5c (angebunden)","II 30,5c (angebunden)",De quattuor virtutibus cardinalibus : , : ,,,,,,,,Autopsie 9.7.2018,k,1,02
1066969035,L-1471-315499311,Aaf,DBSM/M/Klemm,"II 8,3b","II 8,3b",Expositio super Ave Maria : , : ,,,,,,,,,,1,02
1066969051,L-1477-315499346,Aaf,DBSM/M/Klemm,"II 2,7a","II 2,7a",Summa super titulis Decretalium : , : ,,,,,,,,,,1,02
1066969086,L-1474-315499389,Aaf,DBSM/M/Klemm,"II 1,3n","II 1,3n",Speculum aureum decem praeceptorum Dei : , : ,,,,,,,,,,1,02
1066969094,L-1476-315499397,Aaf,DBSM/M/Klemm,"II 24,4b","II 24,4b",Elucidarius scripturarum : , : ,,,,,,,,,,1,02
1066969124,L-1476-315499427,Aaf,DBSM/M/Klemm,"II 30,7e","II 30,7e",Liber Discipuli de eruditione Christifidelium : , : ,,,,,,,,,,1,02
1066969132,L-1490-315499435,Aa,DBSM/M/Klemm,"II 30,13k","II 30,13k",Liber Discipuli de eruditione Christifidelium : , : ,,,,,,,,,,1,02
1066969159,L-1469-315499451,Aa,DBSM/M/Klemm,"II 30,1m","II 30,1m",Epistolae : , : ,,,,,,,,,,1,02
1066969183,L-1470-315499486,Aaf,DBSM/M/Klemm,"II 1,3d","II 1,3d",Epistolae : , : ,,,,,,,,,,1,02
1066969183,L-1470-315499494,Aaf,DBSM/M/Klemm,"II 1,3da - Fragm.","II 1,3da - Fragm.",Epistolae : , : ,,,,,,,,,,1,03
1066969191,L-1489-315499508,Aaf,DBSM/M/Klemm,"II 82,30a","II 82,30a",De trinitate contra Arianos : , : ,,,,,,,,,,1,02
1066969205,L-1497-315499516,Aaf,DBSM/M/Klemm,"II 24,10b","II 24,10b",Vita Sancti Dionysii : , : ,,,,,,,,,,1,02
1066969213,L-1483-315499524,Aaf,DBSM/M/Klemm,"II 30,14h","II 30,14h",Historia Alexandri Magni : , : ,,,,,,,,,,1,02
106696923X,L-1491-315499540,Aaf,DBSM/M/Klemm,"II 1,8ab - Fragm.","II 1,8ab - Fragm.",Hortus sanitatis : , : ,,,,,,,,"1 Bl.: Tractatus de herbis, Ca. iiij-v, mit kol. Holzschnitt: Ampfer",,1,02
1066969256,L-1497-315499567,Aa,DBSM/DA,(04.03.05.0842),"II 30,13gb",Hortus sanitatis : , : ,,,,,,a,,,,1,02
1066969264,L-1467-315499575,Aaf,DBSM/M/Klemm,"II 30,2d","II 30,2d",De sermonum proprietate sive Opus de universo : , : ,,,,,,,,,,1,02
1066969280,L-1481-315499591,Aa,DBSM/M/Klemm,"II 32,1i","II 32,1i",Compendium theologicae veritatis : , : ,,,,,,,,,,1,02
1066969299,L-1489-315499605,Aa,DBSM/M/Klemm,"II 30,13d","II 30,13d",Quaestiones super I. III. et IV. sententiarum : , : ,,,,,,,,Autopsie 19.11.2018,,1,02
1066969310,L-1482-315499648,Aaf,DBSM/M/Klemm,"II 4,3c","II 4,3c",Postilla super evangelia : , : ,,,,,,,,,,1,04
1066969329,L-1473-315499656,Aa,DBSM/M/Klemm,"II 30,6c","II 30,6c",Soliloquium in modum dialogi : , : ,,,,,,,,,,1,02
1066969337,L-1488-315499664,Aaf,DBSM/M/Klemm,"II 32,2d","II 32,2d",Auslegung über Sankt Augustins Regel : , : ,,,,,,,,am Standort geprüft,,1,02
1066969345,L-1497-315499680,Aaf,DBSM/M/Klemm,"II 82,38 b","II 82,38 b","De mysteriis Aegyptiorum, Chaldaeorum, Assyriorum : ", : ,,,,,,,,,,1,02
1066969353,L-1473-315499699,Aaf,DBSM/M/Klemm,"II 8,7a","II 8,7a",De contemptu mundi sive De vilitate conditionis humanae : , : ,,,,,,,,,,1,02
106696940X,L-1473-315499729,Aaf,DBSM/M/Klemm,"II 30,3m","II 30,3m",Liber de contemptu mundi sive De miseria humanae conditionis : , : ,,,,,,,,,,1,02
1066969418,L-1490-315499737,Aaf,DBSM/M/Klemm,"II 29,2k","II 29,2k",Malleus maleficarum : , : ,,,,,,,,,,1,02
1066969426,L-1494-315499745,Aa,DBSM/M/Klemm,"II 24,3w","II 24,3w",Malleus maleficarum : , : ,,,,,,,,,,1,02
1066969434,L-1483-315499761,Aaf,DBSM/M/Klemm,"II 30,14a","II 30,14a",Postillae de tempore et sermones : , : ,,,,,,,,,,1,03
1066969469,L-1472-315499796,Aaf,DBSM/M/Klemm,"II 2,1g","II 2,1g",De responsione mundi et de astrorum ordinatione : , : ,,,,,,,,Autopsie 17.9.2018,,1,02
1066969477,L-1472-31549980X,Aaf,DBSM/M/Klemm,"II 2,1f","II 2,1f",Etymologiae : , : ,,,,,,,,"""schön erhaltenes Exmplar""",,1,02
1066969485,L-1483-315499818,Aaf,DBSM/M/Klemm,"II 82,25a","II 82,25a",Etymologiae : , : ,,,,,,,,,,1,02
1066969507,L-1482-315499834,Aa,DBSM/M/Klemm,"II 62,2a","II 62,2a",Digestum novum : , : ,,,,,,,,,,1,02
1066969515,L-1478-315499842,Aaf,DBSM/M/Klemm,"II 82,2e","II 82,2e",Digestum vetus : , : ,,,,,,,,,,1,02
1066969531,L-1468-315499850,Aaf,DBSM/DA,(04.05.01.0822),"II 1,3 b",Institutiones : , : ,,,,,,a,,,,1,02
1066969558,L-1472-315499877,Aa,DBSM/M/Klemm,"II 30,3b","II 30,3b",Institutiones : , : ,,,,,,,,,,1,02
1066969566,L-1476-315499885,Aaf,DBSM/M/Klemm,"II 1,3t","II 1,3t",Institutiones : , : ,,,,,,,,,,1,02
1066969574,L-1477-315499893,Aaf,DBSM/M/Klemm,"II 1,3v","II 1,3v",Novellae constitutiones : , : ,,,,,,,,,,1,02
1066969582,L-1492-315499907,Aaf,DBSM/M/Klemm,"II 82,24b","II 82,24b",Orationes et epistolae : , : ,,,,,,,,,,1,02
1066969612,L-1497-31549994X,Aaf,DBSM/M/Klemm,"II 24,3z","II 24,3z",Satyrae : , : ,,,,,,,,,,1,02
1066969655,L-1480-315499982,Aaf,DBSM/M/Klemm,"II 82,7g","II 82,7g",De urbis Collosensis obsidione a. 1480 a Turcis tentata : , : ,,,,,,,,,,1,02
1066969663,L-1496-31550000X,Aaf,DBSM/M/Klemm,"II 18,4a","II 18,4a",De animabus exutis a corporibus sive De apparitionibus et receptaculis animarum : , : ,,,,,,,,,,1,02
1066969671,L-1474-315500018,Aaf,DBSM/M/Klemm,"II 4,4h","II 4,4h",De veritate dicenda aut tacenda : , : ,,,,,,,,,,1,02
106696968X,L-1475-315500026,Aaf,DBSM/M/Klemm,"II 6,1a","II 6,1a",Sermones de sanctis : , : ,,,,,,,,eingekl Ausschnitt aus dt. Antiquariatskat.,,1,02
1066969701,L-1472-315500042,Aaf,DBSM/M/Klemm,"II 2,2d","II 2,2d",Consolatio peccatorum seu Processus Belial : , : ,,,,,,,,,,1,02
1066969752,L-1483-315500093,Aaf,DBSM/M/Klemm,"II 30,7i","II 30,7i",Legenda aurea sanctorum sive Lombardica historia : , : ,,,,,,,,,,1,02
1066969760,L-1488-315500107,Aa,DBSM/M/Klemm,"II 32,2c","II 32,2c",Legenda aurea sanctorum sive Lombardica historia : , : ,,,,,,,,,,1,02
1066969779,L-1471-315500115,Aaf,DBSM/M/Klemm,"II 2,1n - Pt. 2","II 2,1n - Pt. 2","Legenda aurea, deutsch. P. 1. (Winterteil). P. 2. (Sommerteil) : ", : ,,,,,,,,,,1,02
1066969787,L-1484-315500123,Aa,DBSM/M/Klemm,"II 2,10a","II 2,10a",Sermones de sanctis : , : ,,,,,,,,mehrere hs. Eignervermerke : Ex libris Martini gul[..]j Weingartensis ; Concepit … Konigegg FF Capucino. Immenstadij; weitere unleserlich,,1,02
1066969795,L-1474-315500131,Aaf,DBSM/M/Klemm,"II 4,2h","II 4,2h",Vocabularius iuris utriusque : , : ,,,,,,,,,,1,02
1066969809,L-1477-31550014X,Aa,DBSM/M/Klemm,"II 29,2a","II 29,2a",Vocabularius iuris utriusque : , : ,,,,,,,,eingekl. Ausschnitt aus frz.-sprach. Antiquariatskat.,,1,02
1066969825,L-1478-315500166,Aaf,DBSM/M/Klemm,"II 24,4c","II 24,4c",Lectura super arboribus consanguinitatis et affinitatis : , : ,,,,,,,,,,1,02
1066969868,L-1473-315500190,Aaf,DBSM/M/Klemm,"II 4,4c","II 4,4c",Summa de sponsalibus et matrimoniis : , : ,,,,,,,,,,1,02
1066969876,L-1474-315500204,Aaf,DBSM/M/Klemm,"II 2,3b","II 2,3b",Baum der Sippschaft : , : ,,,,,,,,,,1,02
1066969884,L-1482-315500212,Aaf,DBSM/M/Klemm,"II 30,8b","II 30,8b","Vßlegung vber den boume der sypschafft, Vßlegung vber den boum der mogschafft, mit einem Anhang Zu erclerung des boumes der geistlichen sypschafft ode", : ,,,,,,,,,,1,02
1066969906,L-1486-315500239,Aaf,DBSM/M/Klemm,"II 8,6i (angebunden an II 8, 6k)","II 8,6i (angebunden an II 8, 6k)",Homiliae super Johannem : , : ,,,,,,,,,,1,02
1066969914,L-1466-315500247,Aaf,DBSM/M/Klemm,"II 30,1o","II 30,1o",Homiliae super Matthaeum : , : ,,,,,,,,,,1,02
1066969930,L-1469-315500271,Aaf,DBSM/M/Klemm,"II 2,1c","II 2,1c",Summa de sacramentis : , : ,,,,,,,,,,1,02
1066969949,L-1473-31550028X,Aaf,DBSM/M/Klemm,"II 32,1h","II 32,1h",De adhaerendo Deo : , : ,,,,,,,,,,1,02
1066969981,L-1489-315500328,Aaf,DBSM/M/Klemm,"II 18,1b","II 18,1b",Sphaera mundi : , : ,,,,,,,,Autopsie 12.7.2018,,1,02
106696999X,L-1499-315500336,Aa,DBSM/DA,(04.03.04.0830),"II 82,35 a",Sphaera mundi : , : ,,,,,,a,,,,1,02
1066970041,L-1499-315500395,Aa,DBSM/M/Klemm,"II 4,9b","II 4,9b",Liber de exemplis ac similitudinibus rerum : , : ,,,,,,,,,,1,02
106697005X,L-1474-315500409,Aaf,DBSM/M/Klemm,"II 1,3o","II 1,3o",Expositio super toto psalterio : , : ,,,,,,,,,,1,02
1066970068,L-1481-315500417,Aa,DBSM/M/Klemm,"II 30,10a","II 30,10a",Expositio super toto psalterio : , : ,,,,,,,,,,1,02
1066970076,L-1483-315500425,Aa,DBSM/M/Klemm,"II 30,14e","II 30,14e",Expositio super toto psalterio : , : ,,,,,,,,,,1,02
1066970084,L-1481-315500433,Aaf,DBSM/M/Klemm,"II 86,1a","II 86,1a",Quaestiones Evangeliorum de tempore et de sanctis : , : ,,,,,,,,,,1,02
1066970092,L-1483-315500441,Aa,DBSM/M/Klemm,"II 30,14d","II 30,14d",Sermones Dormi secure de tempore et de sanctis : , : ,,,,,,,,,,1,02
1066970106,L-1483-31550045X,Aa,DBSM/M/Klemm,"II 30,14l","II 30,14l",Sermones Dormi secure de tempore et de sanctis : , : ,,,,,,,,,,1,02
1066970130,L-1480-315500476,Aaf,DBSM/M/Klemm,"II 32,1e","II 32,1e",Scala coeli : , : ,,,,,,,,,,1,02
1066970157,L-1483-315500506,Aa,DBSM/M/Klemm,"II 30,14m","II 30,14m",Summa collationum sive Communiloquium : , : ,,,,,,,,,,1,02
1066970165,L-1486-315500514,Aaf,DBSM/M/Klemm,"II 8,12a","II 8,12a",Historia trium regum : , : ,,,,,,,,,,1,02
1066970181,L-1469-315500522,Aa,DBSM/M/Klemm,"II 1,4ab - Fragm.","II 1,4ab - Fragm.",Catholicon : , : ,,,,,,,,,,1,02
106697019X,L-1475-315500530,Aa,DBSM/M/Klemm,"II 30,2a","II 30,2a",Catholicon : , : ,,,,,,,,,,1,02
106697022X,L-1486-315500565,Aa,DBSM/M/Klemm,"II 24,3r","II 24,3r",Catholicon : , : ,,,,,,,,,,1,03
1066970238,L-1483-315500573,Aa,DBSM/M/Klemm,"II 24,3o","II 24,3o",Catholicon : , : ,,,,,,,,,,1,02
1066970246,L-1494-315500581,Aaf,DBSM/M/Klemm,"II 33,1a","II 33,1a",Epigrammata : , : ,,,,,,,,,,1,02
1066970254,L-1470-31550059X,Aaf,DBSM/M/Klemm,"II 1,3e","II 1,3e",Mammotrectus super Bibliam : , : ,,,,,,,,eingekl. Ausschnitt aus frz.-sprach. Antiquariatskatalog,,1,02
1066970262,L-1476-315500603,Aaf,DBSM/M/Klemm,"II 8,11 b","II 8,11 b",Mammotrectus super Bibliam : , : ,,,,,,,,,,1,02
1066970289,L-1489-31550062X,Aaf,DBSM/M/Klemm,"II 24,9b","II 24,9b",Mammotrectus super Bibliam : , : ,,,,,,,,,,1,02
1066970319,L-1487-315500654,Aaf,DBSM/M/Klemm,"II 4,7b","II 4,7b",Concordantiae Bibliae et Canonum : , : ,,,,,,,,,,1,02
1066970335,L-1470-315500670,Aaf,DBSM/M/Klemm,"II 2,2a","II 2,2a",De antiquitate Iudaica : , : ,,,,,,,,,,1,02
1066970343,L-1480-315500697,Aaf,DBSM/M/Klemm,"II 83,1a","II 83,1a",De bello Judaico : , : ,,,,,,,,,,1,02
1066970343,L-1480-315500689,Aaf,DBSM/M/Klemm,"II 83,1b","II 83,1b",De bello Judaico : , : ,,,,,,,,,,1,03
1066970378,L-1480-315500719,Aaf,DBSM/M/Klemm,"II 1,5a","II 1,5a",Klagen und nützliche Lehre aus gemeinen beschriebenen Rechten der kaiserlichen Gesetze : , : ,,,,,,,,,,1,02
1066970394,L-1488-315500735,Aaf,DBSM/M/Klemm,"II 2,16b","II 2,16b","Klagen, Antworten und Urteile, gezogen aus geistlichen und weltlichen Rechten : ", : ,,,,,,,,,,1,02
1066970416,L-1484-31550076X,Aaf,DBSM/M/Klemm,"II 8,6f","II 8,6f",Summarium textuale et conclusiones super Clementinas et Decretales extravagantes Johannis XXII : , : ,,,,,,,,,,1,02
1066970424,L-1465-315500778,Aaf,DBSM/M/Klemm,"II 8,6g","II 8,6g",Summarium textuale et conclusiones super Sextum : , : ,,,,,,,,,,1,02
1066970467,L-1490-315500824,Aa,DBSM/M/Klemm,"II 82,33 b","II 82,33 b",Opera : , : ,,,,,,,,"Register am Anfang (8 ungez. Bl.), danach Bl. 1 - 138, hs. Blattzählung",,1,02
1066970475,L-1478-315500832,Aaf,DBSM/M/Klemm,"II 82,9b","II 82,9b",Opera : , : ,,,,,,,,Bordüre (Buchmalerei) auf Bl. 12,,1,02
1066970491,L-1476-315500859,Aaf,DBSM/M/Klemm,"II 24,2c","II 24,2c",Repertorium utriusque iuris : , : ,,,,,,,,,,1,02
1066970505,L-1495-315500867,Aaf,DBSM/M/Klemm,"II 1,9e","II 1,9e",De fraternitate et rosario beatae Mariae virginis : , : ,,,,,,,,,,1,02
1066970513,L-1496-315500875,Aaf,DBSM/M/Klemm,"II 29,3b","II 29,3b",Speculum conscientiae et novissimorum : , : ,,,,,,,,,,1,02
1066970572,L-1485-31550093X,Aaf,DBSM/M/Klemm,"II 82,43a","II 82,43a",Sermones : , : ,,,,,,,,,,1,02
1066970599,L-1474-315500956,Aaf,DBSM/M/Klemm,"II 2,4a","II 2,4a",Sermones aurei de sanctis : , : ,,,,,,,,,,1,02
1066970602,L-1479-315500964,Aaf,DBSM/M/Klemm,"II 29,2d","II 29,2d",Sermones quadragesimales de legibus dicti : , : ,,,,,,,,,,1,02
1066970610,L-1475-315500972,Aa,DBSM/M/Klemm,"II 8,11c","II 8,11c",Sermones quadragesimale de legibus : , : ,,,,,,,,,,1,02
1066970653,L-1500-315501006,Aaf,DBSM/M/Klemm,"II 14,1d","II 14,1d",Sermones de sanctis : , : ,,,,,,,,,,1,02
1066970661,L-1474-315501014,Aaf,DBSM/M/Klemm,"II 30,3d","II 30,3d",Vita Christi : , : ,,,,,,,,,,1,02
106697067X,L-1475-315501022,Aaf,DBSM/M/Klemm,"II 30,3n","II 30,3n",Iter ad Terram Sanctam : , : ,,,,,,,,,,1,02
1066970688,L-1497-315501030,Aaf,DBSM/M/Klemm,"II 4,10a","II 4,10a",Germanorum veterum principum zelus et fervor in Christianam religionem Deique ministros : , : ,,,,,,,,,,1,02
1066970696,L-1475-315501049,Aaf,DBSM/M/Klemm,"II 63,2a","II 63,2a",Regula monachorum ex epistolis Hieronymi collecta : , : ,,,,,,,,,,1,02
106697070X,L-1481-315501057,Aaf,DBSM/M/Klemm,"II 68,1a","II 68,1a",Quaestiones super tota philosophia naturali : , : ,,,,,,,,,,1,02
1066970718,L-1488-315501065,Aaf,DBSM/M/Klemm,"II 15,2a","II 15,2a",Quaestiones super totum cursum logicae : , : ,,,,,,,,,,1,02
1066970726,L-1490-315501073,Aaf,DBSM/M/Klemm,"II 82,28a","II 82,28a",De priscorum proprietate verborum : , : ,,,,,,,,,,1,02
1066970734,L-1488-315501081,Aaf,DBSM/M/Klemm,"II 18,2a","II 18,2a",De componendis versibus hexametro et pentametro : , : ,,,,,,,,,,1,02
1066970742,L-1499-31550109X,Aaf,DBSM/M/Klemm,"II 32,5a","II 32,5a",Scribendi orandique modus : , : ,,,,,,,,,,1,02
1066970750,L-1498-315501103,Aaf,DBSM/M/Klemm,"II 8,15a","II 8,15a",Manuale confessorum metricum. Censurae ecclesiasticae archiepiscopatus Coloniensis. Mare magnum ac defensorium privilegii quattuor ordinum mendicantiu, : ,,,,,,,,,,1,02
1066970750,L-1498-315501111,Aaf,DBSM/M/Klemm,"II 8,15ab","II 8,15ab",Manuale confessorum metricum. Censurae ecclesiasticae archiepiscopatus Coloniensis. Mare magnum ac defensorium privilegii quattuor ordinum mendicantiu, : ,,,,,,,,,,1,03
1066970807,L-1483-315501162,Aaf,DBSM/M/Klemm,"II 82,7 e","II 82,7 e",Buch der zehn Gebote : , : ,,,,,,,,,,1,02
1066970823,L-1491-315501189,Aaf,DBSM/M/Klemm,"II 82,34d","II 82,34d",Epigrammata : , : ,,,,,,,,,,1,02
1066970831,L-1468-315501197,Aaf,DBSM/M/Klemm,"II 82,7b","II 82,7b",De componendis versibus hexametro et pentametro : , : ,,,,,,,,,,1,02
1066970866,L-1487-315501227,Aa,DBSM/M/Klemm,"II 24,3s","II 24,3s",Sermones de tempore et de sanctis sive Hortulus reginae : , : ,,,,,,,,,,1,02
1066970874,L-1483-315501235,Aaf,DBSM/M/Klemm,"II 24,8a","II 24,8a",Vocabularius praedicantium sive Variloquus : , : ,,,,,,,,,,1,02
1066970882,L-1494-315501243,Aa,DBSM/M/Klemm,"II 14,1e","II 14,1e",Vocabularius praedicantium sive Variloquus : , : ,,,,,,,,,,1,02
1066970890,L-1496-315501251,Aaf,DBSM/M/Klemm,"II 2,18a","II 2,18a",Revelationes divinae a sanctis angelis factae : , : ,,,,,,,,,,1,02
1066970912,L-1476-315501278,Aaf,DBSM/M/Klemm,"II 82,4b","II 82,4b",Sermonarium de peccatis per adventum et per duas quadragesimas : , : ,,,,,,,,,,1,02
1066970920,L-1479-315501286,Aa,DBSM/M/Klemm,"II 4,2c","II 4,2c",Sermonarium de peccatis per adventum et per duas quadragesimas : , : ,,,,,,,,,,1,02
1066970939,L-1495-315501294,Aaf,DBSM/M/Klemm,"II 63,8a","II 63,8a",Sermonarium per quadragesimam de commendatione virtutum et reprobatione vitiorum : , : ,,,,,,,,,,1,02
1066970947,L-1482-315501308,Aaf,DBSM/M/Klemm,"II 82,14 a","II 82,14 a",Missale dominicanum seu ordinis praedicatorum : , : ,,,,,,,,,,1,02
1066970955,L-1493-315501316,Aaf,DBSM/M/Klemm,"II 1,3c kursiv","II 1,3c kursiv",Missale Moguntinum : , : ,,,,,,,,lt. Auswertungskat. von F. Funke wurden die Noten handschriftlich eingefügt,,1,02
1066970971,L-1488-315501332,Aaf,DBSM/M/Klemm,"II 3,2b (Großformat)","II 3,2b",Missale Olomucense : , : ,,,,,,,,,,1,02
106697098X,L-1483-315501340,Aaf,DBSM/M/Klemm,"II 30,14o","II 30,14o",Modus legendi abbreviaturas [u.a.] : , : ,,,,,,,,,,1,02
1066971005,L-1483-315501367,Aaf,DBSM/M/Klemm,"II 4,6a","II 4,6a",De horis canonicis dicendis : , : ,,,,,,,,,,1,02
1066971013,L-1496-315501375,Aaf,DBSM/M/Klemm,"II 82,36a [angebunden]","II 82,36a [angebunden]",Vocabularius : , : ,,,,,,,,,k,1,02
106697103X,L-1482-315501391,Aaf,DBSM/M/Klemm,"II 28,2a","II 28,2a",Supplementum Summae Pisanellae : , : ,,,,,,,,,,1,02
1066971064,L-1480-315501421,Aa,DBSM/M/Klemm,"II 82,44","II 82,44",Biblia pauperum : , : ,,,,,,,,,,1,02
1066971072,L-1490-31550143X,Aa,DBSM/M/Klemm,"II 30,12c","II 30,12c",Biblia pauperum : , : ,,,,,,,,,,1,02
1066971080,L-1495-315501448,Aaf,DBSM/M/Klemm,"II 67,9a","II 67,9a",Exempla Sacrae Scripturae [Virtutum vitiorumque exempla] : , : ,,,,,,,,,,1,02
1066971099,L-1474-315501456,Aaf,DBSM/M/Klemm,"II 30,5f","II 30,5f",Auslegung der Psalmen : , : ,,,,,,,,,,1,02
1066971102,L-1472-315501464,Aaf,DBSM/M/Klemm,"II 30,1p","II 30,1p",Postilla super totam Bibliam : , : ,,,,,,,,,,1,02
1066971110,L-1481-315501472,Aa,DBSM/M/Klemm,"II 24,3f","II 24,3f",Postilla super totam Bibliam : , : ,,,,,,,,,,1,02
1066971161,L-1492-315501537,Aaf,DBSM/M/Klemm,"II 22,1d","II 22,1d",Repertorium in postillam Nicolai de Lyra super vetus et novum testamentum : , : ,,,,,,,,Autopsie 19.11.2018,,1,02
1066971226,L-1470-315501596,Aaf,DBSM/M/Klemm,"II 8,1m","II 8,1m",De morali lepra : , : ,,,,,,,,,,1,02
1066971242,L-1476-315501618,Aa,DBSM/M/Klemm,"II 30,7b","II 30,7b",Praeceptorium divinae legis sive Expositio decalogi : , : ,,,,,,,,,,1,02
1066971250,L-1479-315501626,Aa,DBSM/M/Klemm,"II 28,2d","II 28,2d",Praeceptorium divinae legis sive Expositio decalogi : , : ,,,,,,,,,,1,02
1066971293,L-1477-315501650,Aaf,DBSM/M/Klemm,"II 12,1c","II 12,1c",Stern des Meschiah : , : ,,,,,,,,Autopsie 10.7.2018,,1,02
1066971307,L-1476-315501669,Aaf,DBSM/M/Klemm,"II 82,2 c","II 82,2 c",De proprietate latini sermonis : , : ,,,,,,,,,,1,02
1066971315,L-1481-315501685,Aaf,DBSM/M/Klemm,"II 86,1b","II 86,1b",Consilia et quaestiones : , : ,,,,,,,,,,1,02
1066971323,L-1500-315501693,Aaf,DBSM/M/Klemm,"II 30,18a","II 30,18a",Die @vierundzwanzig Alten oder Der goldne Thron : , : ,,,,,,,,,,1,02
106697134X,L-1480-315501715,Aaf,DBSM/M/Klemm,"II 52,2a","II 52,2a",Super secunda parte Infortiati : , : ,,,,,,,,,,1,02
1066971358,L-1470-315501723,Aaf,DBSM/M/Klemm,"II 30,1q","II 30,1q",Scrutinium scripturarum : , : ,,,,,,,,,,1,02
1066971374,L-1476-31550174X,Aaf,DBSM/M/Klemm,"II 63,3a","II 63,3a",Expositio librorum naturalium Aristotelis : , : ,,,,,,,,,,1,02
1066971390,L-1492-315501766,Aaf,DBSM/M/Klemm,"II 49,1a","II 49,1a",De remediis utriusque fortunae : , : ,,,,,,,,,,1,02
1066971404,L-1496-315501774,Aaf,DBSM/M/Klemm,"II 4,5g","II 4,5g",Opera latina : , : ,,,,,,,,Bestimmung des Buchbinders durch Dr. K. v. Rabenau,,1,02
1066971412,L-1490-315501782,Aaf,DBSM/M/Klemm,"II 1,3m kursiv","II 1,3m kursiv",De conceptione virginis Mariae : , : ,,,,,,,,,,1,02
1066971420,L-1473-315501790,Aaf,DBSM/M/Klemm,"II 30,5e","II 30,5e",Historia scholastica : , : ,,,,,,,,,,1,02
1066971439,L-1483-315501804,Aal,DBSM/M/Klemm,"II 30,14c","II 30,14c",Historia scholastica : , : ,,,,,,,,,,1,02
1066971447,L-1480-315501812,Aaf,DBSM/M/Klemm,"II 29,2e","II 29,2e",Quaestiones super libros Sententiarum : , : ,,,,,,,,,,1,02
1066971447,L-1480-315501820,Aaf,DBSM/M/Klemm,"II 29,2ea - Fragm.","II 29,2ea - Fragm.",Quaestiones super libros Sententiarum : , : ,,,,,,,,,,1,03
1066971455,L-1476-315501839,Aaf,DBSM/M/Klemm,"II 2,5n","II 2,5n",De oculo morali : , : ,,,,,,,,,,1,02
1066971463,L-1484-315501847,Aa,DBSM/M/Klemm,"II 30,11a","II 30,11a",Sermones thesauri novi de sanctis : , : ,,,,,,,,,,1,02
1066971471,L-1491-315501855,Aaf,DBSM/M/Klemm,"II 30,15f","II 30,15f",Sermones quadragesimales Thesauri novi : , : ,,,,,,,,,,1,02
1066971544,L-1481-315501928,Aa,DBSM/M/Klemm,"II 24,3e kursiv","II 24,3e kursiv",Sententiarum libri IV : , : ,,,,,,,,,,1,02
1066971552,L-1486-315501936,Aa,DBSM/M/Klemm,"II 4,7a","II 4,7a",Sententiarum libri IV : , : ,,,,,,,,,,1,02
1066971560,L-1489-315501944,Aa,DBSM/M/Klemm,"II 4,7e","II 4,7e",Sententiarum libri IV : , : ,,,,,,,,,,1,02
1066971617,L-1496-315501995,Aa,DBSM/M/Klemm,"II 24,3x","II 24,3x",Epistolae familiares : , : ,,,,,,,,hs. Anm. zum Werk auf d. Vorsatz sind lt. Restaurierungsbericht von Heinrich Klemm geschrieben,,1,03
1066971625,L-1480-315502002,Aaf,DBSM/M/Klemm,"II 48,1a","II 48,1a",De honesta voluptate et valetudine : , : ,,,,,,,,,,1,02
1066971633,L-1491-315502010,Aaf,DBSM/M/Klemm,"II 82,32a","II 82,32a","Opera, lat. : ", : ,,,,,,,,,,1,02
106697165X,L-1497-315502037,Aaf,DBSM/M/Klemm,"II 82,24a","II 82,24a",Historia naturalis : , : ,,,,,,,,,,1,02
1066971676,L-1470-315502053,Aaf,DBSM/M/Klemm,"II 30,2e","II 30,2e",Vitae illustrium virorum : , : ,,,,,,,,,,1,02
1066971706,L-1495-315502096,Aaf,DBSM/M/Klemm,"II 8,13d","II 8,13d",Poeniteas cito : , : ,,,,,,,,Autopsie 14.12.2018,,1,02
1066971773,L-1472-315502169,Aal,DBSM/M/Klemm,"II 2,1k (7. angeb. Werk)","II 2,1k (7. angeb. Werk)",Processus iudiciarius Mascaron contra genus humanum sive Tractatus procuratoris editus sub nomine diaboli : , : ,,,,,,,,,,1,02
1066971781,L-1494-315502177,Aaf,DBSM/M/Klemm,"II 1,9c","II 1,9c",Epigrammata de virtutibus et vitiis : , : ,,,,,,,,,,1,02
1066971803,L-1499-315502207,Aa,DBSM/M/Klemm,"II 2,15d","II 2,15d","Psalterium, lat. und. dt. : ", : ,,,,,,,,,,1,03
1066971811,L-1485-315502215,Aaf,DBSM/M/Klemm,"II 9,1a","II 9,1a",Psalterium latinum : , : ,,,,,,,,,,1,02
1066971846,L-1493-31550224X,Aaf,DBSM/M/Klemm,"II 82,11a [angebunden]","II 82,11a [angebunden]",Institutiones oratoriae : , : ,,,,,,,,,k,1,02
1066971854,L-1494-315502258,Aa,DBSM/M/Klemm,"II 82,23a","II 82,23a",Institutiones oratoriae : , : ,,,,,,,,,,1,02
1066971862,L-1489-315502266,Aaf,DBSM/M/Klemm,"II 63,5b","II 63,5b",Vita di S. Catarina da Siena : , : ,,,,,,,,,,1,02
1066971870,L-1496-315502274,Aaf,DBSM/M/Klemm,"II 30,15k","II 30,15k",Theologia naturalis sive Liber creaturarum : , : ,,,,,,,,,,1,02
1066971889,L-1480-315502282,Aa,DBSM/M/Klemm,"II 51,1c","II 51,1c","Theologia naturalis, sive liber creaturarum : ", : ,,,,,,,,,,1,02
1066971897,L-1481-315502290,Aa,DBSM/M/Klemm,"II 24,4d","II 24,4d","Aurea Biblia, sive Repertorium aureum Bibliorum : ", : ,,,,,,,,"restauriert, kein Eignervermerk",,1,02
1066971900,L-1474-315502304,Aaf,DBSM/M/Klemm,"II 24,5a","II 24,5a","Ephemerides, 1475-1506 : ", : ,,,,,,,,,,1,02
1066971919,L-1496-315502312,Aa,DBSM/DA,(04.05.01.0134),"II 82,31 a",Epitoma in Almagestum Ptolemaei : , : ,,,,,,a,,,,1,02
1066971919,L-1496-343709120,Aa,DBSM/M/Klemm,"II 82,31a - Fragm.","II 82,31a - Fragm.",Epitoma in Almagestum Ptolemaei : , : ,,,,,,,,,,1,03
1066971935,L-1490-315502339,Aaf,DBSM/M/Klemm,"II 4,8d","II 4,8d",Fagifacetus sive De moribus et facetiis mensae : , : ,,,,,,,,,,1,02
1066971951,L-1486-315502363,Aa,DBSM/M/Klemm,"II 82,19a","II 82,19a",Pantheologia sive Summa universae theologiae : , : ,,,,,,,,hs. Anm.: Summa Fr. Rainierij de Pisis (betr. Titel u. Verf. d. Werkes),,1,02
106697196X,L-1473-315502371,Aaf,DBSM/M/Klemm,"II 30,1c (angebunden an II 30,1d)","II 30,1c (angebunden an II 30,1d)",De laudibus Mariae : , : ,,,,1138380822,Qd,,,,k,1,02
1066971978,L-1493-31550238X,Aaf,DBSM/M/Klemm,"II 30,15h","II 30,15h",De laudibus Mariae : , : ,,,,,,,,,,1,02
1066971994,L-1493-315502401,Aa,DBSM/M/Klemm,"II 13,2a","II 13,2a",Spiegel der wahren Rhetorik : , : ,,,,,,,,,,1,02
1066972001,L-1494-315502428,Aaf,DBSM/M/Klemm,"II 14,1b","II 14,1b",Super sapientiam Salomonis : , : ,,,,,,,,,,1,03
106697201X,L-1471-315502436,Aaf,DBSM/M/Klemm,"II 2,1e","II 2,1e",Speculum vitae humanae : , : ,,,,,,,,,,1,02
1066972028,L-1475-315502444,Aal,DBSM/M/Klemm,"II 4,4a","II 4,4a",Speculum vitae humanae : , : ,,,,,,,,,,1,02
1066972044,L-1477-315502460,Aa,DBSM/M/Klemm,"II 29,2c","II 29,2c",Fasciculus temporum : , : ,,,,,,,,,,1,02
1066972052,L-1482-315502479,Aa,DBSM/M/Klemm,"II 4,3d","II 4,3d",Fasciculus temporum : , : ,,,,,,,,,,1,02
1066972060,L-1488-315502487,Aa,DBSM/M/Klemm,"II 30,13c","II 30,13c",Fasciculus temporum : , : ,,,,,,,,,,1,02
1066972079,L-1498-315502495,Aaf,DBSM/M/Klemm,"II 82,38a","II 82,38a",Enneades ab orbe condito : , : ,,,,,,,,,,1,02
1066972087,L-1474-315502509,Aaf,DBSM/M/Klemm,"II 2,4b","II 2,4b",Glossae ex illustrissimis auctoribus collectae : , : ,,,,,,,,,,1,02
1066972095,L-1476-315502517,Aaf,DBSM/M/Klemm,"II 75,2e","II 75,2e",Oratio lamentabilis ad Papam Sixtum IV. : , : ,,,,,,,,,,1,02
1066972109,L-1497-315502525,Aa,DBSM/M/Klemm,"II 2,11d","II 2,11d",Liber chronicarum : , : ,,,,,,,,,,1,02
1066972141,L-1493-315502568,Aa,DBSM/M/Klemm,"II 24,3v","II 24,3v",Das @Buch der Croniken und Geschichten : , : ,,,,,,,,,,1,03
1066972168,L-1494-315502584,Aa,DBSM/M/Klemm,"II 18,1a","II 18,1a",Epistolae longiores : , : ,,,,,,,,,,1,02
1066972206,L-1481-315502622,Aa,DBSM/M/Klemm,"II 32,1f","II 32,1f",Sermones de tempore et de sanctis : , : ,,,,,,,,,,1,02
1066972214,L-1479-315502630,Aaf,DBSM/M/Klemm,"II 87,1 a","II 87,1 a",Sermones de tempore et de sanctis : , : ,,,,,,,,,,1,02
1066972222,L-1482-315502649,Aaf,DBSM/M/Klemm,"II 28,2e","II 28,2e",Statuta provincialia Moguntinensia : , : ,,,,,,,,,,1,02
1066972249,L-1484-315502665,Aaf,DBSM/M/Klemm,"II 30,13i","II 30,13i",Statuta provincialia Moguntinensia : , : ,,,,,,,,,,1,02
1066972249,L-1484-315502657,Aaf,DBSM/M/Klemm,"II 30,14i","II 30,14i",Statuta provincialia Moguntinensia : , : ,,,,,,,,,,1,03
1066972265,L-1496-315502681,Aaf,DBSM/M/Klemm,"II 28,1f","II 28,1f",Statuta synodalia Eystettensia cum statutis provincialibus Moguntinis : , : ,,,,,,,,"hs. Anm. (Zitat) auf d. Titelbl. mit Monogramm C E H; hs. Aufzeichn. ca. 1500 am Schluss, darüber Zeile: [...] computatus ad fratri mio anno d[omi]ni 1494 [...] 20 fl. [vermutl. kein Eignervermerk]",,1,02
106697229X,L-1499-315502738,Aaf,DBSM/M/Klemm,"II 32,4a","II 32,4a",Almanach nova in annos 1499-1531 : , : ,,,,,,,,,,1,03
1066972354,L-1498-315502789,Aaf,DBSM/M/Klemm,"II 31,1c","II 31,1c",Tractatus bipartitus de Deo homine facto : , : ,,,,,,,,,,1,02
1066972400,L-1486-315502827,Aaf,DBSM/M/Klemm,"II 2,5g","II 2,5g",Die @wahre Nachfolgung Christi : , : ,,,,,,,,,,1,02
1066972435,L-1475-315502851,Aaf,DBSM/M/Klemm,"II 2,1m","II 2,1m",Catena aurea super quattuor evangelistas : , : ,,,,,,,,,,1,02
1066972443,L-1469-31550286X,Aaf,DBSM/M/Klemm,"II 1,4b","II 1,4b",De articulis fidei et ecclesiae sacramentis : , : ,,,,,,,,,,1,02
1066972451,L-1476-315502878,Aaf,DBSM/M/Klemm,"II 8,2d","II 8,2d",De corpore Christi (Pseudo-). Expositio orationis dominicae : , : ,,,,,,,,,,1,02
1066972478,L-1500-315502894,Aaf,DBSM/M/Klemm,"II 8,13l","II 8,13l",De eucharistia ad modum decem praedicamentorum sive De corpore Christi : , : ,,,,,,,,Autopsie 14.12.2018,,1,02
1066972494,L-1471-315502908,Aaf,DBSM/M/Klemm,"II 8,2c","II 8,2c",De venerabili sacramento sermones XXXII : , : ,,,,,,,,,,1,02
1066972508,L-1475-315502916,Aaf,DBSM/M/Klemm,"II 8,6c","II 8,6c",De veritate : , : ,,,,,,,,,,1,02
1066972524,L-1474-315502940,Aaf,DBSM/M/Klemm,"II 12,1b","II 12,1b",Expositio (Postilla) in Job : , : ,,,,,,,,,,1,02
1066972532,L-1474-315502959,Aa,DBSM/M/Klemm,"II 24,2a","II 24,2a",Quaestiones de duodecim quodlibet : , : ,,,,,,,,,,1,02
1066972540,L-1485-315502967,Aa,DBSM/M/Klemm,"II 8,6h","II 8,6h",Quaestiones de duodecim quodlibet : , : ,,,,,,,,,,1,02
1066972559,L-1492-315502975,Aaf,DBSM/M/Klemm,"II 4,7f","II 4,7f",Scripta ad Hanibaldum episcopum super quattuor libros Sententiarum : , : ,,,,,,,,"hs. Vermerk, unklar, ob Eignervermerk, vermutl. eher Zitat",,1,02
1066972567,L-1474-315502983,Aaf,DBSM/M/Klemm,"II 30,5g","II 30,5g",Summa contra gentiles sive De veritate catholicae fidei : , : ,,,,,,,,,,1,02
1066972591,L-1489-315503017,Aaf,DBSM/M/Klemm,"II 82,15b","II 82,15b","Summa theologiae, P. 1 : ", : ,,,,,,,,Autopsie 6.9.2018,,1,02
1066972621,L-1463-315503041,Aaf,DBSM/M/Klemm,"II 30,1r","II 30,1r","Summa theologiae : P. 2,2", : ,,,,,,,,,,1,02
106697263X,L-1472-31550305X,Aa,DBSM/M/Klemm,"II 12,1a","II 12,1a","Summa theologiae : P. 2,2", : ,,,,,,,,,,1,02
1066972656,L-1474-315503076,Aaf,DBSM/M/Klemm,"II 4,2g","II 4,2g","Summa theologiae, P. 3 : ", : ,,,,,,,,Autopsie 10.7.2018,,1,02
1066972664,L-1486-315503084,Aaf,DBSM/M/Klemm,"II 82,21a","II 82,21a",Summa theologiae : P. 3, : ,,,,,,,,,,1,02
1066972702,L-1486-315503114,Aaf,DBSM/M/Klemm,"II 82,15a","II 82,15a",Super primo libro Sententiarum : , : ,,,,,,,,"Eignervermerk gilt für beide Werke, die schon in Bamberg zusammengebunden wurden",,1,02
1066972710,L-1469-315503122,Aaf,DBSM/M/Klemm,"II 1,3c","II 1,3c",Super quarto libro Sententiarum : , : ,,,,,,,,,,1,02
1066972737,L-1481-315503130,Aaf,DBSM/M/Klemm,"II 82,17c","II 82,17c",Super quarto libro Sententiarum : , : ,,,,,,,,,,1,03
1066972753,L-1486-315503165,Aaf,DBSM/M/Klemm,"II 28,1a","II 28,1a",Dicta super Summulas Petri Hispani : , : ,,,,,,,,,,1,02
106697277X,L-1500-315503181,Aaf,DBSM/M/Klemm,"II 11,2a","II 11,2a",Büchlein der Titel aller Stände : , : ,,,,,,,,,,1,02
106697280X,L-1482-315503211,Aaf,DBSM/M/Klemm,"II 24,4e","II 24,4e",Modus legendi abbreviaturas in utroque iure : , : ,,,,,,,,,,1,02
1066972834,L-1481-315503238,Aa,DBSM/M/Klemm,"II 24,7a","II 24,7a",Tractatus quidam de Turcis : , : ,,,,,,,,,,1,02
1066972850,L-1495-315503246,Aaf,DBSM/M/Klemm,"II 1,9i","II 1,9i",Catalogus illustrium virorum : , : ,,,,,,,,Autopsie 17.12.2018,,1,02
1066972869,L-1494-315503254,Aaf,DBSM/M/Klemm,"II 1,9d","II 1,9d",De laude scriptorum : , : ,,,,,,,,,,1,02
1066972877,L-1494-315503262,Aaf,DBSM/M/Klemm,"II 1,9a","II 1,9a",De laudibus s. Annae : , : ,,,,,,,,,,1,02
1066972893,L-1495-315503289,Aaf,DBSM/M/Klemm,"II 1,9f","II 1,9f",De proprietate monachorum : , : ,,,,,,,,,,1,02
1066972907,L-1493-315503297,Aaf,DBSM/M/Klemm,"II 1,9k","II 1,9k","De republica ecclesiae et monachorum ordinis divi patris Benedicti, Köln, 1. September 1493 : ", : ,,,,,,,,,,1,02
1066972923,L-1493-315503300,Aaf,DBSM/M/Klemm,"II 1,9m - 1. Ex.","II 1,9m - 1. Ex.",De statu et ruina monastici ordinis : , : ,,,,,,,,,,1,02
1066972923,L-1493-478322305,Aaf,DBSM/M/Klemm,"II 1,9m - 2. Ex.","II 1,9m - 2. Ex.",De statu et ruina monastici ordinis : , : ,,,,,,,,Autopsie 17.12.2018,,1,03
1066972931,L-1498-315503319,Aaf,DBSM/DA,(04.03.03.02.0832),"II 1,9h",De triplici regione claustralium et de spirituali exercitio novitiorum : , : ,,,,,,a,,,,1,02
1066972958,L-1495-315503335,Aaf,DBSM/M/Klemm,"II 1,9g","II 1,9g",De vanitate et miseria vitae humanae : , : ,,,,,,,,,,1,02
1066972966,L-1470-315503343,Aaf,DBSM/M/Klemm,"II 30,1s","II 30,1s",Facta et dicta memorabilia : , : ,,,,,,,,,,1,02
1066972974,L-1493-315503351,Aa,DBSM/M/Klemm,"II 82,27c","II 82,27c",Facta et dicta memorabilia : , : ,,,,,,,,,,1,02
1066972982,L-1497-31550336X,Aaf,DBSM/M/Klemm,"II 62,3a","II 62,3a",Palinurus : , : ,,,,,,,,,,1,02
1066973016,L-1492-315503386,Aaf,DBSM/M/Klemm,"II 24,3u","II 24,3u",Opera : , : ,,,,,,,,,,1,02
1066973024,L-1489-315503394,Aaf,DBSM/M/Klemm,"II 24,8c","II 24,8c","Versehung von Leib, Seele, Ehre und Gut : ", : ,,,,,,,,,,1,02
1066973032,L-1477-315503408,Aaf,DBSM/M/Klemm,"II 30,2f","II 30,2f",Speculum doctrinale : , : ,,,,,,,,,,1,02
1066973040,L-1473-315503416,Aa,DBSM/M/Klemm,"II 30,1a","II 30,1a",Speculum historiale : , : ,,,,,,,,,,1,02
1066973059,L-1476-315503424,Aa,DBSM/M/Klemm,"II 30,2g","II 30,2g",Speculum historiale : , : ,,,,,,,,,,1,02
1066973067,L-1476-315503440,Aaf,DBSM/M/Klemm,"II 30,1t","II 30,1t",Speculum morale : , : ,,,,,,,,,,1,03
1066973083,L-1476-315503467,Aa,DBSM/M/Klemm,"II 30,2h","II 30,2h",Speculum naturale : , : ,,,,,,,,,,1,02
1066973091,L-1481-315503475,Aaf,DBSM/M/Klemm,"II 24,7b","II 24,7b",De fine mundi : , : ,,,,,,,,,,1,02
1066973105,L-1483-315503483,Aa,DBSM/M/Klemm,"II 24,6b","II 24,6b",De fine mundi : , : ,,,,,,,,,,1,02
1066973113,L-1486-315503491,Aaf,DBSM/M/Klemm,"II 24,7c","II 24,7c",Viola sanctorum : , : ,,,,,,,,,,1,02
1066973121,L-1477-315503505,Aaf,DBSM/M/Klemm,"II 6,1b","II 6,1b","Vocabularius, lat. und dt. : ", : ,,,,,,,,,,1,02
1066973121,L-1477-315503513,Aaf,DBSM/M/Klemm,"II 6,1ba - Fragm.","II 6,1ba - Fragm.","Vocabularius, lat. und dt. : ", : ,,,,,,,,,,1,03
1066973148,L-1478-31550353X,Aaf,DBSM/M/Klemm,"II 2,9a","II 2,9a","Vocabularius, lat. und dt. : ", : ,,,,,,,,,,1,02
1066973156,L-1499-315503548,Aaf,DBSM/M/Klemm,"II 29,3c","II 29,3c",Vocabularius de partibus indeclinabilibus : , : ,,,,,,,,,,1,02
1066973164,L-1472-315503556,Aaf,DBSM/M/Klemm,"II 10,1a","II 10,1a",Vocabularius Ex quo : , : ,,,,,,,,,,1,02
1066973172,L-1489-315503564,Aaf,DBSM/M/Klemm,"II 28,2f","II 28,2f",Vocabularius ex quo : , : ,,,,,,,,Autopsie 18.12.2018,,1,02
1066973180,L-1499-315503572,Aa,DBSM/M/Klemm,"II 14,1c","II 14,1c",Sermones de tempore : , : ,,,,,,,,,,1,02
1066973199,L-1493-315503580,Aaf,DBSM/M/Klemm,"II 1,9n (angebunden an II 1,9i)","II 1,9n (angebunden)",Elegantiarum medulla oratoriaque praecepta : , : ,,,,,,,,Autopsie 17.12.2018,,1,02
1066973202,L-1498-315503599,Aaf,DBSM/M/Klemm,"II 30,9c","II 30,9c",Philippica in laudem et defensionem Philippi comitis Rheni Palatini Bavariae ducis : , : ,,,,,,,,,,1,02
1066973210,L-1497-315503602,Aaf,DBSM/M/Klemm,"II 18,4b","II 18,4b",Epitoma bellorum Alberti Saxoniae ducis : , : ,,,,,,,,,,1,02
1066973229,L-1478-315503610,Aaf,DBSM/M/Klemm,"II 12,1f","II 12,1f",Translationen etlicher Bücher : , : ,,,,,,,,,,1,02
1066973288,L-1487-315503661,Aaf,DBSM/M/Klemm,"II 16,1a","II 16,1a",Rhetorica pro conficiendis epistolis accomodata : , : ,,,,,,,,,,1,02
106697330X,L-1487-315503688,Aaf,DBSM/M/Klemm,"II 16,2a","II 16,2a",Psalterium cum canticis : , : ,,,,,,,,,,1,02
1066973350,L-1473-315503726,Aaf,DBSM/M/Klemm,"II 29,1a","II 29,1a",Compendium theologicae veritatis : , : ,,,,,,,,,,1,02
1066973369,L-9999-315503734,Aaf,DBSM/M/Klemm,"II 8,4a","II 8,4a",De beatitudine aeternitatis : , : ,,,,,,,,,,1,02
1066973377,L-1472-315503742,Aaf,DBSM/M/Klemm,"II 17,1a","II 17,1a",De anima et spiritu. Add: De ebrietate. De vanitate saeculi. De vita christiana. De sobrietate. De quattuor virtutibus caritatis. De contritione cordi, : ,,,,,,,,,,1,02
106697344X,L-1487-315503823,Aa,DBSM/M/Klemm,"II 8,6k","II 8,6k",Homiliae super Homiliae super Matthaeum : , : ,,,,,,,,,,1,02
106707564X,L-1497-315765119,Af,DBSM/M/Klemm,"II 82,39a","II 82,39a",Opera ,Pt. 4 :  [Enth. außerdem: Werke von Theophrastus und Alexander <Aphrodisiensis>],,,,,,,,,,1,02
1067300287,L-1475-316068217,Aal,DBSM/M/Klemm,"II 21,1d - Fragm","II 21,1d - Fragm.",Breviarium Moguntinum : , : ,,,,,,,,,,1,02
1067300988,L-1475-316068608,Afl,DBSM/M/Klemm,"II 24,2ba - Fragm.","II 24,2ba - Fragm.",Der @Heiligen Leben,2. : Sommerteil,,,,,,,,,,1,02
1067336133,L-1478-315495537,Afl,DBSM/M/Klemm,"II 24,3b","II 24,3b",Summa theologica,P.1. : ,,,,,,,,Autopsie 11.12.2018,,1,02
1067336222,L-1478-315495545,Afl,DBSM/M/Klemm,"II 24,3c","II 24,3c",Summa theologica,P.2. : ,,,,,,,,Autopsie 11.12.2018,,1,02
1067336257,L-1478-315495553,Afl,DBSM/M/Klemm,"II 24,3d","II 24,3d",Summa theologica,P.3. : ,,,,,,,,Autopsie 11.12.2018,,1,02
1067336257,L-1478-315495561,Afl,DBSM/M/Klemm,"II 24,3da - Fragm.","II 24,3da - Fragm.",Summa theologica,P.3. : ,,,,,,,,,,1,03
1067336281,L-1478-31549557X,Afl,DBSM/M/Klemm,"II 24,3e","II 24,3e",Summa theologica,P.4. : ,,,,,,,,Autopsie 11.12.2018,,1,02
1067339086,L-1480-316101710,Aal,DBSM/M/Klemm,"II 24,3d  kursiv","II 24,3d kursiv",De obsidione urbis Rhodiae ad Fridericum imperatorem : , : ,,,,,,,,,,1,02
1067434755,L-1474-316396664,Aal,DBSM/M/Klemm,"II 1,3h kursiv","II 1,3h kursiv",De psalmodia perficienda et modo legendi in choro : , : ,,,,,,,,,,1,02
1067435948,L-1469-316397148,Aal,DBSM/M/Klemm,"II 2,1b - Fragm.","II 2,1b - Fragm.",Catholicon : , : ,,,,,,,,,,1,02
1067435948,L-1469-316397156,Aal,DBSM/M/Klemm,"II 2,1ba - Fragm.","II 2,1ba - Fragm.",Catholicon : , : ,,,,,,,,,,1,03
1067436936,L-9999-316397652,Aal,DBSM/M/Klemm,"II 2,5 o - Fragm","II 2,5 o - Fragm",Warumb klaidest du dich so in manniger Gestalt : , : ,,,,,,,,,,1,02
1067438289,L-1488-316402206,Aal,DBSM/M/Klemm,"II 19,2a - Fragm.","II 19,2a - Fragm.",Missale Aboense secundum ordinem fratrum praedicatorum : , : ,,,,,,,,,,1,02
1067438548,L-1487-316402281,Aal,DBSM/M/Klemm,"II 19,2c - Fragm.","II 19,2c - Fragm.",Rituale Upsalense : , : ,,,,,,,,,,1,02
1067439005,L-1487-316402540,Aal,DBSM/M/Klemm,"II 19,2d - Fragm.","II 19,2d - Fragm.",Missale  Strengense : , : ,,,,,,,,,,1,02
1067439137,L-1493-316402567,Aal,DBSM/M/Klemm,"II 24,9d - Fragm.","II 24,9d - Fragm.",Breviarium Lincopense : , : ,,,,,,,,,,1,02
1067439188,L-1498-316402575,Aal,DBSM/M/Klemm,"II 24,9e - Fragm.","II 24,9e - Fragm.",Breviarium Scarense : , : ,,,,,,,,,,1,02
1067439234,L-1479-316402591,Aal,DBSM/M/Klemm,"II 35,1a - Fragm.","II 35,1a - Fragm.",Breviarium Herbipolense : , : ,,,,,,,,,,1,02
1067439250,L-1499-316402605,Aal,DBSM/M/Klemm,"II 35,2a - Fragm.","II 35,2a - Fragm.",Missale Herbipolense : , : ,,,,,,,,,,1,02
1067439293,L-1482-31640263X,Aal,DBSM/M/Klemm,"II 43,3ab - Fragm.","II 43,3ab - Fragm.",Pentateuchus : , : ,,,,,,,,,,1,02
1069014885,L-1470-320163695,Af,DBSM/M/Klemm,"II 75,1b - 1","II 75,1b - 1",Epistolae,1. : ,,,,,,,,,,1,02
106901494X,L-1470-320163733,Af,DBSM/M/Klemm,"II 75,1b - 2","II 75,1b - 2",Epistolae,2. : ,,,,,,,,,,1,02
1069138924,L-1494-315503270,Aaf,DBSM/M/Klemm,"II 1,9ab","II 1,9ab",De laudibus s. Annae : , : ,,,,,,,,,,1,02
1072051036,L-1497-326851682,Aa,DBSM/M/Klemm,"II 1,9l","II 1,9l",De  operatione divini amoris : , : ,,,,,,,,,,1,02
1072051486,L-1489-326851933,Aa,DBSM/M/Klemm,"II 2,5k","II 2,5k",Cursus hinc inde collecti : , : ,,,,,,,,,,1,02
107205194X,L-1491-326852190,Aa,DBSM/DA,(04.03.04.0136),"II 2,15 c",Missale Augustanum : , : ,,,,,,a,,,,1,02
1072052393,L-1495-326852484,Aal,DBSM/M/Klemm,"II 2,17a","II 2,17a",Von dem Psalter unserer lieben Frau : , : ,,,,,,,,,,1,02
1072053101,L-1475-326852794,Aa,DBSM/M/Klemm,"II 4,4f","II 4,4f","Die @guldin Bull. Add: Fridericus III, Reformation und Ordnung vom 14. August 1442 : ", : ,,,,,,,,,,1,02
1072054698,L-1474-326853480,Aa,DBSM/M/Klemm,"II 7,1a","II 7,1a",De periculis contingentibus : , : ,,,,,,,,,,1,02
1072055228,L-1481-326853847,Aa,DBSM/M/Klemm,"II 8,6e","II 8,6e",Postilla super epistolas et evangelia : , : ,,,,,,,,,,1,02
1072057565,L-1476-326854657,Aa,DBSM/M/Klemm,"II 8,11 a","II 8,11 a",Legenda aurea sanctorum sive Lombardica historia : , : ,,,,,,,,"war 2002 Teil des ""Inkunabelprojekts""; Autopsie 19.9.2018",,1,02
1072057948,L-1490-326854908,Aa,DBSM/M/Klemm,"II 8,13k","II 8,13k",De corpore christi : , : ,,,,,,,,,,1,02
107205812X,L-1489-326854983,Aa,DBSM/M/Klemm,"II 14,1a","II 14,1a",Cornutus : , : ,,,,,,,,,,1,02
1072058391,L-1485-326855106,Aa,DBSM/M/Klemm,"II 15,1a","II 15,1a",Sermones de sanctis : , : ,,,,,,,,,,1,02
107205888X,L-1493-326855459,Aa,DBSM/M/Klemm,"II 18,3a","II 18,3a",Epistolae : , : ,,,,,,,,,,1,02
1072059312,L-1476-32685570X,Aa,DBSM/M/Klemm,"II 19,1a","II 19,1a",Expositio super toto psalterio : , : ,,,,,,,,,,1,02
1072059665,L-1493-326855874,Aa,DBSM/M/Klemm,"II 20,1a","II 20,1a",De vita spirituali : , : ,,,,,,,,,,1,02
1072060000,L-1488-326856064,Aa,DBSM/M/Klemm,"II 23,1a","II 23,1a",Beichtbüchlein : , : ,,,,,,,,,,1,02
1072060566,L-1480-326856560,Aa,DBSM/M/Klemm,"II 24,6a","II 24,6a",Speculum sacerdotum : , : ,,,,,,,,,,1,02
1072060930,L-1492-32685682X,Aa,DBSM/M/Klemm,"II 24,9c","II 24,9c",Missale Salisburgense : , : ,,,,,,,,Holzschnitte fehlen,,1,02
1072061481,L-1476-32685729X,Aa,DBSM/M/Klemm,"II 28,1c","II 28,1c",Brief an Herzog Sigmund von Österreich betr. die Herrschaft Hohenberg : , : ,,,,,,,,,,1,02
1072063859,L-1474-326859233,Aa,DBSM/M/Klemm,"II 30,1d (an II 30,1c  vorgebunden)","II 30,1d (an II 30,1c vorgebunden)",Mariale : , : ,,,,1138380822,Qd,,,alte Blattzählung mit roter Tinte: Bl. [1]-66,,1,02
1072064456,L-1473-326859624,Aa,DBSM/M/Klemm,"II 30,7a","II 30,7a",Speculum iudiciale : , : ,,,,,,,,,,1,02
1072097877,L-1473-32690154X,Aa,DBSM/M/Klemm,"II 44,4a","II 44,4a",Statuta et pacta communis Brixiae : , : ,,,,,,,,,,1,02
1072098342,L-1475-326901868,Aa,DBSM/M/Klemm,"II 46,1a","II 46,1a",Vitas Patrum : , : ,,,,,,,,,,1,02
1072098903,L-1481-326902260,Aa,DBSM/M/Klemm,"II 56,1a","II 56,1a",Ars praedicandi : , : ,,,,,,,,,,1,02
1072099748,L-1491-326902686,Aa,DBSM/M/Klemm,"II 61,1a","II 61,1a",De instantia : , : ,,,,,,,,,,1,02
1072100134,L-1496-326902872,Aa,DBSM/M/Klemm,"II 62,4a","II 62,4a",Summa de ecclesia : , : ,,,,,,,,,,1,02
1072100355,L-1479-326902988,Aa,DBSM/M/Klemm,"II 63,2b","II 63,2b",Sommola di pacifica coscienza : , : ,,,,,,,,3 Kupferstiche fehlen,,1,02
1072101181,L-1477-326903305,Aa,DBSM/M/Klemm,"II 63,2c","II 63,2c",De bello Hispano : , : ,,,,,,,,,,1,02
1072101475,L-1482-326903461,Aa,DBSM/M/Klemm,"II 63,5a","II 63,5a",Statuta Mediolani. [Daran:] Tabula statutorum : , : ,,,,,,,,,,1,02
1072105233,L-1480-326905863,Aa,DBSM/M/Klemm,"II 63,6a","II 63,6a","Vitae imperatorum, sive De vita illustrium virorum : ", : ,,,,,,,,,,1,02
1072105721,L-1477-326906126,Aa,DBSM/M/Klemm,"II 65,1a","II 65,1a",De civitate dei : , : ,,,,,,,,,,1,02
1072106345,L-1475-326906487,Aa,DBSM/M/Klemm,"II 67,1a","II 67,1a",Homiliae in Evangelia : , : ,,,,,,,,Autopsie 18.9.2018,,1,02
1072106558,L-1494-326906622,Aa,DBSM/M/Klemm,"II 67,2a","II 67,2a",De anima : , : ,,,,,,,,,,1,02
1072106795,L-1480-32690672X,Aa,DBSM/M/Klemm,"II 67,6a","II 67,6a",Summa in virtutes cardinales : , : ,,,,,,,,,,1,02
1072108216,L-1481-326907726,Aa,DBSM/M/Klemm,"II 69,1a","II 69,1a",Opera : , : ,,,,,,,,,,1,02
1072111624,L-1498-326910484,Aa,DBSM/M/Klemm,"II 70,1a","II 70,1a",Repetitiones et disputationes : , : ,,,,,,,,,,1,02
1072112019,L-1485-326910751,Aa,DBSM/M/Klemm,"II 72,1a","II 72,1a",Carmina differentialia : , : ,,,,,,,,,,1,02
1072153890,L-1495-326993355,Aa,DBSM/M/Klemm,"II 76,1a","II 76,1a",Historia Romana : , : ,,,,,,,,,,1,02
1072153998,L-1492-326993479,Aa,DBSM/M/Klemm,"II 80,1a","II 80,1a",Anterotica sive De amoris generibus : , : ,,,,,,,,,,1,02
1072154080,L-1476-326993541,Aa,DBSM/M/Klemm,"II 80,2a","II 80,2a",Super primum sententiarum : , : ,,,,,,,,alte Klemm-Signatur nicht im Buch,,1,02
1072154773,L-1477-326993959,Aa,DBSM/M/Klemm,"II 80,3a","II 80,3a",Commentarius in secundum librum Sententiarum Petri Lombardi : , : ,,,,,,,,,,1,02
1072161362,L-1480-326998527,Aa,DBSM/M/Klemm,"II 80,5a","II 80,5a",Antiquitates Romanae : , : ,,,,,,,,,,1,02
1072161729,L-1480-326998683,Aa,DBSM/M/Klemm,"II 80,6a","II 80,6a",Institutiones oratoriae : , : ,,,,,,,,,,1,02
1072162032,L-1470-326998888,Aa,DBSM/M/Klemm,"II 82,1b","II 82,1b",Satirae : , : ,,,,,,,,,,1,02
1072162407,L-1470-326999035,Aa,DBSM/M/Klemm,"II 82,1 c","II 82,1 c",De coniuratione Catilinae. De bello Iugurthino : , : ,,,,,,,,,,1,02
1072170264,L-1471-327006366,Aa,DBSM/M/Klemm,"II 82,3a","II 82,3a",Commentarium in Vergilii opera : , : ,,,,,,,,Bl. 1-10 fehlen,,1,02
1072172607,L-1480-327008083,Aa,DBSM/M/Klemm,"II 65,2","II 75,5a (frühere Sig.); II 65,2",Epistola ad Rabbi Isaac seu rationes ad reprobandos Iudaeorum errores : , : ,,,,,,,,,,1,02
1072183919,L-1496-327016809,Aa,DBSM/M/Klemm,"II 82,13a","II 82,13a",Decisiones  rotae Romanae (I-III) : , : ,,,,,,,,,,1,02
1072184923,L-1496-327017562,Aa,DBSM/M/Klemm,"II 82,34a","II 82,34a",Opera : , : ,,,,,,,,,,1,02
1072187108,L-1491-327019425,Aa,DBSM/M/Klemm,"II 82,42a","II 82,42a",La @ciroxia vulgarmente fata : , : ,,,,,,,,,,1,02
1072187906,L-1493-32702013X,Aa,DBSM/M/Klemm,"II 82,42a [angebunden]","II 82,42a [angebunden]",Cirogia : , : ,,,,,,,,,k,1,02
107218866X,L-1476-327020814,Aa,DBSM/M/Klemm,"II 84,2a","II 84,2a",Oratio in funere Bartholomaei Colei : , : ,,,,,,,,,,1,02
1072189011,L-1479-327021136,Aa,DBSM/M/Klemm,"II 84,3a","II 84,3a",De orthographia dictionum e Graecis tractarum : , : ,,,,,,,,,,1,02
107218981X,L-1478-327021756,Aa,DBSM/M/Klemm,"II 85,1a - Fragm.","II 85,1a - Fragm.",De astrolabio canones : , : ,,,,,,,,,,1,02
1072254964,L-1476-327155663,Aa,DBSM/M/Klemm,"II 84,2b","II 84,2b",Commentum in Ciceronis Oratorem : , : ,,,,,,,,,,1,02
1072255812,L-1475-327156120,Aa,DBSM/M/Klemm,"II 84,2c","II 84,2c",Epistola ad Rabbi Isaac seu rationes ad reprobandos Iudaeorum errores : , : ,,,,,,,,,,1,02
1072318075,L-1478-327278625,Aa,DBSM/M/Klemm,"II 8,12d","II 8,12d",Biblia aurea : , : ,,,,,,,,,,1,02
1072319012,L-1494-327279281,Aa,DBSM/M/Klemm,"II 18,2b","II 18,2b",Dialogus recommendationis exprobationisque poetices : , : ,,,,,,,,,,1,02
1072320371,L-1498-327280026,Aa,DBSM/M/Klemm,"II 18,5a","II 18,5a",De componendis versibus : , : ,,,,,,,,,,1,02
1072320568,L-1499-327280115,Aa,DBSM/DA,(04.03.03.01.1424),"II 18,5b",De tranquillitate animi : , : ,,,,,,a,,,,1,02
1072320673,L-1482-327280239,Aa,DBSM/M/Klemm,"II 26,1b","II 26,1b",Infirmorum visitatio : , : ,,,,,,,,,,1,02
1072320762,L-1496-327280298,Aa,DBSM/M/Klemm,"II 29,3d","II 29,3d",Oratio querulosa contra invasores sacerdotum. Mit Widm. an Papst Alexander VI : , : ,,,,,,,,,,1,02
1072320894,L-1499-327280379,Aa,DBSM/M/Klemm,"II 30,15o","II 30,15o",De sacramentis : , : ,,,,,,,,"hs. Notiz, vermutl. kein Eignervermerk: Stanislaj Do[min]j. et Apostolicae sedis gratia Episcopi Pomomensis p. m. Nicolaum Deblonij Decretor. Doctorem",,1,02
1072321378,L-1487-327280646,Aa,DBSM/M/Klemm,"II 30,15p","II 30,15p",Sermones de tempore et de sanctis : , : ,,,,,,,,,,1,02
1072321904,L-1472-327281049,Aa,DBSM/M/Klemm,"II 43,1a","II 43,1a",Confessionale [etc.] : , : ,,,,,,,,,,1,02
1072322234,L-1499-327281251,Aa,DBSM/M/Klemm,"II 44,2b","II 44,2b",Vitae illustrium virorum : , : ,,,,,,,,,,1,02
1072322579,L-1484-327281405,Aa,DBSM/M/Klemm,"II 50,1b","II 50,1b",Getijdenboek (Almanach 1480–1521) : , : ,,,,,,,,"Bd. 1 unvollst.: Bl. 1–10, 15, 16, 97, 105–109, 111, 154, 155 u. 168–190 fehlen",,1,02
1072322838,L-1480-327281618,Aa,DBSM/M/Klemm,"II 51,1b","II 51,1b",Opera : , : ,,,,,,,,,,1,02
1072323095,L-1499-327281782,Aa,DBSM/M/Klemm,"II 62,5a","II 62,5a",Satyrae : , : ,,,,,,,,,,1,02
107237806X,L-1476-327679115,Aa,DBSM/M/Klemm,"II 63,1a","II 63,1a",De officiis [etc.] : , : ,,,,,,,,Blatt I (Signatur a 1) abweichend von GW 6939 und BMC VI 714; angebunden: Sallustius: Opera,,1,02
1072378264,L-1478-327679166,Aa,DBSM/M/Klemm,"II 85,1b [angebunden an II 63,1a]","II 63,1a (angebunden); II 85,1b [angebunden an II 63,1a]",Opera : , : ,,,,,,,,,k,1,02
107237840X,L-1486-327679239,Aa,DBSM/M/Klemm,"II 66,4a","II 66,4a",De latitudinibus formarum : , : ,,,,,,,,,,1,02
1072378566,L-1493-32767928X,Aa,DBSM/M/Klemm,"II 67,10b","II 67,10b",De vita spirituali animae : , : ,,,,,,,,,,1,02
1072378760,L-1475-327679387,Aa,DBSM/M/Klemm,"II 67,11a","II 67,11a",Epistolae ad Lucilium : , : ,,,,,,,,,,1,02
1072378957,L-1484-327679522,Aa,DBSM/M/Klemm,"II 69,3a","II 69,3a","De iure emphyteutico (Cod. 4,66) : ", : ,,,,,,,,,,1,02
1072379198,L-1482-327679670,Aa,DBSM/M/Klemm,"II 82,11a","II 82,11a",Declamationes : , : ,,,,,,,,,,1,02
107237935X,L-1490-327679786,Aa,DBSM/M/Klemm,"II 82,15b [angebunden]","II 82,15b [angebunden]","Summa theologiae. P. 2,1 : ", : ,,,,,,,,((k)); Autopsie 6.9.2018,,1,02
1072379643,L-1495-343709317,Aa,DBSM/M/Klemm,"II 82,33b (angebunden)","II 82,33b (angebunden)",De rerum natura : , : ,,,,,,,,,,1,02
1072379988,L-1495-327679948,Aa,DBSM/M/Klemm,"II 82,36a","II 82,36a",De orthographia dictionum e Graecis tractarum : , : ,,,,,,,,auf d. Einband: eingebrannter Großbuchstabe I,,1,02
1072381877,L-1499-327680911,Aa,DBSM/M/Klemm,"II 82,36c","II 82,36c",Tristia : , : ,,,,,,,,,,1,02
1072382318,L-1500-327681209,Aa,DBSM/M/Klemm,"II 82,39b [angebunden an II 82, 38b]","II 82,38b (angebunden); II 82,39b",Historiae : , : ,,,,,,,,,k,1,02
1072382814,L-1479-327681535,Aa,DBSM/M/Klemm,"II 84,1b","II 84,1b",In epistolas ad familiares Ciceronis commentum : , : ,,,,,,,,,,1,02
107238311X,L-1498-327681713,Aa,DBSM/M/Klemm,"II 86A,1a - Fragm.","II 86A,1a - Fragm.",The @Golden Legend : , : ,,,,,,,,"Autopsie 12.7.2018; Dauber & Pine hatte in gleicher Aufmachung auch weitere Bl. der Ausgabe verkauft (Cixvi, Clxiiii, CCxiii am 12.7.2018 in Verkaufsportalen bzw. Bibliothekskatalogen angezeigt, Internet-Check)",,1,02
1072383721,L-1486-327682124,Aa,DBSM/M/Klemm,"II 87,1c","II 87,1c",De consideratione : , : ,,,,,,,,,,1,02
1072494108,L-1485-327855061,Af,DBSM/M/Klemm,"II 8,1l - 2","II 8,1l - 2",Postilla super totam Bibliam,P.2. : Paralipomena - Psalmi,,,,,,,,,,1,02
107249423X,L-1485-32785524X,Af,DBSM/M/Klemm,"II 8,1l - 4","II 8,1l - 4",Postilla super totam Bibliam,P.4. : Evangelia - Apocalypsis,,,,,,,,,,1,02
1077047398,L-1474-31549672X,Af,DBSM/M/Klemm,"II 4,1 a","II 4,1 a","Biblia, lat.",Pars 1 : ,,,,,,,,,,1,02
1077047428,L-1474-336752105,Af,DBSM/M/Klemm,"II 4,3f","II 4,3f","Biblia, lat.",Pars 2 : ,,,,,,,,,,1,02
1079531114,L-9999-343686457,Aal,DBSM/M/Klemm,"II 26,2 a","II 26,2 a",Missale Pataviense : , : ,,,,,,,,,,1,02
1079550038,L-1470-343702525,Aal,DBSM/M/Klemm,"II 2,1k","II 2,1k",De viris illustribus [etc.] : , : ,,,,,,,,"Autopsie 17.9.2018, vermutlich sind alle Teile bereits zusammen in den Verkauf gekommen (vgl. GW 12451), deshalb dieses Ex. auch zusammen in zeitgenössischem Einband (Augsburg ?) gebunden",,1,02
107955016X,L-1470-343702576,Aal,DBSM/M/Klemm,"II 2,1k (1. angeb. Werk)","II 2,1k (1. angeb. Werk)",De essentia divinitatis : , : ,,,,,,,,,,1,02
1079550275,L-1470-343702606,Aal,DBSM/M/Klemm,"II 2,1k (2. angeb. Werk)","II 2,1k (2. angeb. Werk)",De quantitate animae : , : ,,,,,,,,,,1,02
1079550275,L-1470-343703262,Aal,DBSM/M/Klemm,"II 2,1p","II 2,1p",De quantitate animae : , : ,,,,,,,,Autopsie 18.9.2018,,1,03
1079550437,L-1470-343702665,Aal,DBSM/M/Klemm,"II 2,1k (3.-4. angeb. Werk)","II 2,1k (3.-4. angeb. Werk)",Soliloquia. Lib. 1.2. : , : ,,,,,,,,,,1,02
1079550437,L-1470-34370269X,Aal,DBSM/M/Klemm,"II 2,1q","II 2,1q",Soliloquia. Lib. 1.2. : , : ,,,,,,,,Autopsie 18.9.2018,,1,03
1079550615,L-1470-343702770,Aal,DBSM/M/Klemm,"II 2,1k (5. angeb. Werk)","II 2,1k (5. angeb. Werk)",Imitatio Christi : , : ,,,,,,,,,,1,02
1079551522,L-1470-343703084,Aal,DBSM/M/Klemm,"II 2,1k (6. angeb. Werk)","II 2,1k (6. angeb. Werk)",Errores Iudaeorum ex Talmud extracti. [Daran:] Probationes Novi Testamenti ex Veteri Testamento : , : ,,,,,,,,,,1,02
1079551808,L-1470-343703203,Aal,DBSM/M/Klemm,"II 2,1k (9. angeb. Werk)","II 2,1k (9. angeb. Werk)",Donatus moralisatus : , : ,,,,,,,,,,1,02
1079551808,L-1470-343703238,Aal,DBSM/M/Klemm,"II 2,1o","II 2,1o",Donatus moralisatus : , : ,,,,,,,,Autopsie 18.9.2018,,1,03
1079551913,L-1470-34370322X,Aal,DBSM/M/Klemm,"II 2,1k (8. angeb. Werk)","II 2,1k (8. angeb. Werk)",Dispositorium moriendi : , : ,,,,,,,,,,1,02
1079552596,L-1483-343703483,Aal,DBSM/M/Klemm,"II 3,2d","II 3,2d",Psalterium latinum : , : ,,,,,,,,,,1,02
107955310X,L-1467-343703882,Aal,DBSM/M/Klemm,"II 8,1n","II 8,1n","Summa de articulis fidei et ecclesiae sacramentis : Mit Widm. an Leonardus, Erzbischof von Palermo", : ,,,,,,,,,,1,02
1079553606,L-1480-343704323,Aal,DBSM/M/Klemm,"II 8,10b","II 8,10b",De corpore christi. [Daran:] Nicolaus de Lyra: Dicta de sacramento und Intellectus super oratione dominica : , : ,,,,,,,,,,1,02
1079554416,L-1483-343704935,Aal,DBSM/M/Klemm,"II 22,1b (angebundenes Werk)","II 22,1b (angebundenes Werk)",Ars praedicandi : , : ,,,,,,,,,,1,02
1079559167,L-1500-343707918,Aal,DBSM/M/Klemm,"II 23,2a","II 23,2a",Quadragesimale s. De preservatione hominis a peccato : , : ,,,,,,,,,,1,02
1079560041,L-1482-343708523,Aal,DBSM/M/Klemm,"II 68,1b","II 68,1b",Expositio logicae : , : ,,,,,,,,,,1,02
1079560564,L-1478-343708906,Aa,DBSM/M/Klemm,"II 82,2f (angebunden)","II 82,2f (angebunden)",Super II. parte Infortiati : , : ,,,,,,,,,,1,02
1079733698,L-1472-343956888,Aal,DBSM/M/Klemm,"II 24,3c kursiv (angebunden)","II 24,3c kursiv (angebunden)",De imagine mundi : , : ,,,,,,,,,,1,02
1084605600,L-1489-352274506,Aa,DBSM/M/Klemm,"II 1,3l kursiv","II 1,3l kursiv",De indulgentiis pro animabus in purgatorio : , : ,,,,,,,,,,1,02
1084608782,L-1474-352276495,Aa,DBSM/M/Klemm,"II 30,7f","II 30,7f",De libero arbitrio aliaque opuscula : , : ,,,,,,,,Autopsie 17.9.2018,,1,02
1084609754,L-1489-352277181,Aa,DBSM/M/Klemm,"II 30,13d (angebunden)","II 30,14n; II 30,13d (angebunden)",Compendium theologicae veritatis : , : ,,,,,,,,Autopsie 19.11.2018,,1,02
1084610876,L-1498-352277645,Aa,DBSM/M/Klemm,"II 30,13g","II 30,13g",Hortus sanitatis : , : ,,,,,,,,,,1,02
1084611961,L-1491-352278366,Aa,DBSM/M/Klemm,"II 30,15f (angebunden)","II 30,15f (angebunden)",Sermones Thesauri novi de sanctis : , : ,,,,,,,,,,1,02
1085177238,L-1492-315495448,Afl,DBSM/M/Klemm,"II 4,5ea - Fragm.","II 4,5ea - Fragm.",Opera,[Pt. 1] : ,,,,,,,,,,1,03
1085177637,L-1492-329246070,Afl,DBSM/M/Klemm,"II 4,5e - 2","II 4,5e - 2",Opera,[Pt. 2] : ,,,,,,,,"Pt. 1 in RGB, L 87",,1,05
1085177750,L-1492-352777192,Afl,DBSM/M/Klemm,"II 4,5e - 3","II 4,5e - 3",Opera,[Pt. 3] : ,,,,,,,,"Pt. 1 in RGB, L 87",,1,02
1109774656,L-1474-375087958,Aa,DBSM/M/Klemm,"II 90,1a - [1] Fragm. (ÜF / 4. OG: R73A/10/1)","II 90,1a - [1] Fragm.","Plenarium, deutsch : ", : ,,,,1066941572,Qd,,,,,1,02
1109774656,L-1474-375328378,Aa,DBSM/M/Klemm,"II 90,1a - [7] Fragm. (ÜF / 4. OG: R73A/10/1)","II 90,1a - [7] Fragm.","Plenarium, deutsch : ", : ,,,,1066941572,Qd,,,,,1,03
110977575X,L-1477-375088350,Aa,DBSM/M/Klemm,"II 90,1a - [2] Fragm. (ÜF / 4. OG: R73A/10/1)","II 90,1a - [2] Fragm.","Biblia, deutsch : ", : ,,,,1066941572,Qd,,,,,1,02
110977575X,L-1477-375088466,Aa,DBSM/M/Klemm,"II 90,1a - [3] Fragm. (ÜF / 4. OG: R73A/10/1)","II 90,1a - [3] Fragm.","Biblia, deutsch : ", : ,,,,1066941572,Qd,,,,,1,03
110977575X,L-1477-375088474,Aa,DBSM/M/Klemm,"II 90,1a - [4] Fragm. (ÜF / 4. OG: R73A/10/1)","II 90,1a - [4] Fragm.","Biblia, deutsch : ", : ,,,,1066941572,Qd,,,,,1,04
1109813201,L-1496-375327509,Aa,DBSM/M/Klemm,"II 90,1a - [6] Fragm. (ÜF / 4. OG: R73A/10/1)","II 90,1a - [6] Fragm.",Missale Augustanum : , : ,,,,1066941572,Qd,,,,,1,02
1109815573,L-1498-375329048,Aa,DBSM/M/Klemm,"II 90,1a - [8] Fragm. (ÜF / 4. OG: R73A/10/1)","II 90,1a - [8] Fragm.",Summa angelica de casibus conscientiae : ,",  : , ",", ",,,1066941572,Qd,,,,,1,02
1109815573,L-1498-375329684,Aa,DBSM/M/Klemm,"II 90,1a - [9] Fragm. (ÜF / 4. OG: R73A/10/1)","II 90,1a - [9] Fragm.",Summa angelica de casibus conscientiae : ,",  : , ",", ",,,1066941572,Qd,,,,,1,03
1109815573,L-1498-375330437,Aa,DBSM/M/Klemm,"II 90,1a - [10] Fragm. (ÜF / 4. OG: R73A/10/1)","II 90,1a - [10] Fragm.",Summa angelica de casibus conscientiae : ,",  : , ",", ",,,1066941572,Qd,,,,,1,04
110982050X,L-1495-375331980,Aa,DBSM/M/Klemm,"II 90,1a - [13] Fragm. (ÜF / 4. OG: R73A/10/1)","II 90,1a - [13] Fragm.",Opuscula : , : ,,,,1066941572,Qd,,,,,1,02
110982050X,L-1495-375567593,Aa,DBSM/M/Klemm,"II 90,1a - [20] Fragm. (ÜF / 4. OG: R73A/10/1)","II 90,1a - [20] Fragm.",Opuscula : , : ,,,,1066941572,Qd,,,,,1,03
1109921993,L-1490-375417559,Aa,DBSM/M/Klemm,"II 90,1a - [14] Fragm. (ÜF / 4. OG: R73A/10/1)","II 90,1a - [14] Fragm.",Decretum : , : ,,,,1066941572,Qd,,,,,1,02
1110068220,L-1491-375563911,Aa,DBSM/M/Klemm,"II 90,1a - [15] Fragm. (ÜF / 4. OG: R73A/10/1)","II 90,1a - [15] Fragm.",Chronicon : , : ,,,,1066941572,Qd,,,,,1,02
111007414X,L-1489-375567704,Aa,DBSM/M/Klemm,"II 90,1a - [21] Fragm. (ÜF / 4. OG: R73A/10/1)","II 90,1a - [21] Fragm.",Super IV sententiarum : , : ,,,,1066941572,Qd,,,,,1,02
111007414X,L-1489-375567712,Aa,DBSM/M/Klemm,"II 90,1a - [22] Fragm. (ÜF / 4. OG: R73A/10/1)","II 90,1a - [22] Fragm.",Super IV sententiarum : , : ,,,,1066941572,Qd,,,,,1,03
111007414X,L-1489-375567720,Aa,DBSM/M/Klemm,"II 90,1a - [23] Fragm. (ÜF / 4. OG: R73A/10/1)","II 90,1a - [23] Fragm.",Super IV sententiarum : , : ,,,,1066941572,Qd,,,,,1,04
111007414X,L-1489-375567739,Aa,DBSM/M/Klemm,"II 90,1a - [24] Fragm. (ÜF / 4. OG: R73A/10/1)","II 90,1a - [24] Fragm.",Super IV sententiarum : , : ,,,,1066941572,Qd,,,,,1,05
1132093619,L-1500-405944926,Aal,DBSM/M/Klemm,"III 21, 39 (2. angebundenes Werk)","III 21, 39 (2. angebundenes Werk)",Suma Johannis An-||dree compendiosa et vtilis ordinata sup|| secundo decretaliu. tractans de processu|| Judiciario. atque iuridice se exercere vo||len, : ,,,,1138320404,Qd,,,,,1,02
1162446471,L-1473-453522459,Aa,DBSM/M/Klemm,"II 30,5c","II 30,5c",Officii missae sacrique canonis expositio : , : ,,,,,,,,Autopsie 9.7.2018,,1,02
1166155838,L-1492-460784927,Af,DBSM/M/Klemm,"II 30,12d","II 30,12d","Biblia, lat.",Pars 4. : ,,,,,,,,,,1,02
1168282241,L-1486-465330959,Aa,DBSM/M/Klemm,"II 4,7b (angebunden)","II 30,14g; II 4,7b (angebunden)",Margarita decreti : , : ,,,,,,,,,,1,02
1200511840,L-2019-323537,Aa,DBSM/M/Klemm,"II 37, 1a","II 37, 1a",Rechnung auf alle Kaufmannschaft : , : ,,,,,,,,,,1,02
