akz,idn,signatur,bbg,standort,signatur_g,signatur_a,titel,stuecktitel,umfang,f4243,f4256,f4241,f4105_9,f4105_g,ausleihcode,sig_komm,f4801_a,bibliothek,einrichtung,exemplar,wert,f4801_k,jahr
L-1534-315317728,1066859000,"III 2, 2",Aaf,DBSM/M/Klemm,"III 2, 2","III 2, 2","Den @Bibel : met grooter neersticheyt gecorrigeert, en op die canten gheset den ouderdom der werelt, ende hoe lange die gheschiedenissen ende historie", : ,"Holzschnitt-Titel, [5] Bl. Reg., [448] Bl.",,,,,,,,,,1,02,,,
L-1560-166917079,998774278,"III 2, 7",Aal,DBSM/M/Klemm,"III 2, 7","III 2, 7","Litvrgiæ, sive missæ sanctorvm patrvm ... interprete Leone Thusco ... : Quibus accessit ad calcem e libris D. Joannis Chrysostomi, locorum annotatio, ", : ,"210 S., [1] Bl., [1 leeres] Bl.",,,,,,,,Autopsie 7.6.2019,,1,02,,,
L-1501-315295473,1066835527,"III 3, 1",Aaf,DBSM/M/Klemm,"III 3, 1","III 3, 1",Das @buch jst genant|| Die Hymelstraß.|| : , : ,"Clxvij, [6] Bl.",,,,,,,,,,1,02,,,
L-1508-315494670,1066964440,"III 3, 2",Aaf,DBSM/M/Klemm,"III 3, 2","III 3, 2",Jch heyss ain b#[ue]chlein der iu||den peicht.|| Jn allen orten vindt man mich leicht|| Vil newer meren seind mir wol bekant|| Jch will mich prayten i, : ,[10] Bl.,,,,,,,,,,1,02,,,
L-1531-315308966,106684996X,"III 3, 17",,,,,,,,,,,,,,,,,,,,,
L-1531-315469935,1066942307,"III 3, 18",,,,,,,,,,,,,,,,,,,,,
L-1531-315469331,1066941688,"III 3, 19",,,,,,,,,,,,,,,,,,,,,
L-1535-315470097,106694248X,"III 3, 21",Aaf,DBSM/M/Klemm,"III 3, 21","III 3, 21",HErodotus der aller|| hochber#[ue]mptest Griechische geschicht=||schreyber/ von dem Persier/ vnd vilen andern krie=||gen vnd geschichten/ #[et]c. Durc, : ,"[6], CXLVI Bl. Ill (Titelholzschn., Holzschnitte)",,,,,,,,,,1,02,,,
L-1540-31549347X,1066963193,"III 3, 23",Aaf,DBSM/M/Klemm,"III 3, 23","III 3, 23",Des @Hochgel#[oe]rtestën|| philosophen/ warhafftigsten Geschicht||schreibers/ vnd allertheürsten Hauptmans Xenophontis Com=||mentarien vnd beschreibun, : ,"[6], CCXLI Bl.",,,,,,,,,,1,02,,,
L-1537-315486937,1066956219,"III 3, 24",Aaf,DBSM/M/Klemm,"III 3, 24","III 3, 24","Odyssea,|| Das seind die aller zierlichsten vnd|| lustigsten vier vnd zwantzig b#[ue]cher des eltisten kunst-||reichesten Vatters aller Poeten Homeri/", : ,"[6], CII Bl.",,,,,,,,,,1,02,,,
L-1510-315218819,1066798702,"III 6, 2",Aaf,DBSM/M/Klemm,"III 6, 2","III 6, 2",Gabrielis Biel ... Sacri canonis Missae tam mystica quam litteralis expositio : , : ,"269, [13] Bl.",,,,,,,,,,1,02,,,
L-1507-315329408,1066871604,"III 6, 4",Aaf,DBSM/M/Klemm,"III 6, 4","III 6, 4",Kronica von der|| loblichen Eydt||gnoschaft Jr har||kōmen vnd sust : , : ,"[8], CXXIIII Bl.",,,,,,,,,,1,02,,,
L-1509-31549011X,1066959587,"III 6, 5",Aaf,DBSM/M/Klemm,"III 6, 5","III 6, 5",Doctor Brants Narrenschiff|| ... Nüt on vrsach|| Uor hab ichs narren schiff gedicht|| Mit grosser arbeyt vff geriecht|| Und das mit doren also geladen, : ,"[1], CLXIIII[=163] Bl.",,,,,,,,,,1,02,,,
L-1532-315491809,1066961395,"III 6, 9",Aaf,DBSM/M/Klemm,"III 6, 9","III 6, 9","STEPHANI NI-||GRI QVAE QVIDEM PRAESTARE SVI|| NOMINIS AC STVDIOSIS VTILIA NOVE=||rimus monimenta, nempe translationes:|| Iconum Philostrati:|| Aureoru", : ,"[12] Bl., 405[=407], [1] S.",,,,,,,,,,1,02,,,
L-1534-315220279,1066800375,"III 6, 10",Aaf,DBSM/M/Klemm,"III 6, 10","III 6, 10",Rabani Mavri Mogvntinensis Archiepiscopi Commentaria in Hieremiam Prophetam... : , : ,"[6], 226, [2] Bl.",,,,,,,,,,1,02,,,
L-1534-315491078,1066960585,"III 6, 11",,,,,,,,,,,,,,,,,,,,,
L-1528-315492996,1066962642,"III 6, 16",Aaf,DBSM/M/Klemm,"III 6, 16","III 6, 16","OPERA|| Q. SEPTIMII FLOREN-||TIS TERTVLLIANI INTER LATINOS ECCLESIAE|| scriptores primi, sine quoru lectione nullum diem intermittebat olim di/||uus C", : ,"[10] Bl., 692 S., [12] Bl.",,,,,,,,,,1,01,,,
L-1533-169972178,1000078248,"III 6, 20",Aal,DBSM/M/Klemm,"III 6, 20","III 6, 20","PLUTARCHU|| PARALLĒLA EN BIOIS ELLĒ||NŌNTE KAI RŌMAIŌN|| PLVTARCHI QVAE VOCANTVR PARAL||lela: hoc est, uitae illustrium uirorum graeci nominis ac||lat", : ,Titelbl.,,,,,,,,,,1,02,,,
L-1533-315307676,1066848572,"III 6, 30",Aaf,DBSM/M/Klemm,"III 6, 30","III 6, 30","DE STV||DIO LITERARVM RECTE ET|| COMMODE INSTITVENDO, AD IN=||uictissimum, & potentissimum principem : ", : ,"[1] Bl., 248 S., [1] Bl.",,,,,,,,,,1,02,,,
L-1540-315308206,1066849153,"III 6, 32",Aaf,DBSM/M/Klemm,"III 6, 32","III 6, 32",DICTIONARIVM|| LATINAE LINGVAE : , : ,[533] Bl.,,,,,,,,,,1,02,,,
L-1543-315489871,1066959285,"III 6, 34",Aaf,DBSM/M/Klemm,"III 6, 34","III 6, 34",DEn @Nieuwen Herbarius/|| dat is/ dboeck vanden cruy=||den/ int welcke met groote neersti=||cheyt bescreuen is niet alleen die gantse historie ...|| v, : ,"xvij [statt xviij], [261] Bl.",,,,,,,,,,1,02,,,
L-1551-163598088,997291915,"III 6, 37",Afl,DBSM/M/Klemm,"III 6, 37","III 6, 37","Poetarvm Omnivm Secv-||lorvm Longe Principis|| HOMERI,|| Omnia qvae qvi||dem extant opera graece,|| Adiecta versione latina ad verbvm,|| ...",[2.] : Odyssea,"[4] Bl., 317 S.",,,,,,,,,,1,02,,,
L-1560-162039808,996355340,"III 6, 44",Aal,DBSM/M/Klemm,"III 6, 44","III 6, 44","LEXIKON|| SIVE|| DICTIONA-||RIVM GRAECOLA-||tinum postremo nunc,post om-||nia Graecae linguae commentaria, dictio||naria & Thesauros, noua insuper plu", : ,[708] Bl.,,,,,,,,,,1,02,,,
L-1550-154117307,993976670,"III 6, 45",Afl,DBSM/M/Klemm,"III 6, 45","III 6, 45","ARISTOTELIS|| SVMMI SEMPER PHILOSOPHI, ...|| opera quaecunq hactenus extinterung omnia: quae quidem ut antea|| integris aliquot libris supra priores a",(1) : ,"[8] Bl., 572 S.",,,,,,,,Bd. 1-2 in einem Band,,1,02,,,
L-1559-163620636,997304758,"III 6, 15 e",,,,,,,,,,,,,,,,,,,,,
L-1537-315066954,1066678316,"III 6, 15 h",Aaf,DBSM/M/Klemm,"III 6, 15 h","III 6, 15 h",DE NATVRA STIR||PIVM LIBRI TRES...|| Cum Indice ...|| copiosissimo.|| : , : ,"[46] Bl., 666 S.",,,,,,,,,,1,02,,,
L-1521-169770265,999957643,"III 6, 18 a",Aal,DBSM/M/Klemm,"III 6, 18 a","III 6, 18 a","Cornucopiae sive linguae latinae commentarii, denuo diligentissime recogniti, atque ex archetypo emendati : ", : ,"78 Bl. Index, 1436 Sp., [1]  Bl.",,,,,,,,"Titelbordüre v. Hans Hermann, Kopie nach Hans Holbein, Bord. um Zwischentit., Holzschn. Initialen u. Druckersignet am Schluß. - Zeitgen. Blinddruckeinband",,1,02,,,
L-1544-15952167X,995434395,"III 6, 27 a - 2",Afl,DBSM/M/Klemm,"III 6, 27 a","III 6, 27 a",Euripidoy|| Tragōdiai|| ok||tōkaideka|| ekabē,[2] : ,"[4] Bl., 580 S.",,,,,,,,,,1,02,,,
L-1539-176023844,1002030188,"III 6, 32 b",Aal,DBSM/M/Klemm,"III 6, 32b","III 6, 32b","Strabonis|| Geographicorvm|| Lib. XVII|| Olim, ut putatur, à Guarino Veronensi ac Gre=||rio Trifernate Latinitate donati, iam denuo à|| Conrado Heresb", : ,"Titelbl. m. Holzschn.-Bordüre u. Dr.-Sign., [43] Bl., 549 S.",,,,,,,,"Index unvollst., bricht bei Buchstaben I ab",,1,02,,,
L-1543-159380235,995382972,"III 6, 33 b",Aal,DBSM/M/Klemm,"III 6, 33 b","III 6, 33 b","D. Epiphanii Epi||scopi Constantiae Cypri, contra octoaginta [sic!] haereses|| opvs, panarivm, sive arcvla, avt ca||psula Medica appellatum continens ", : ,"[6] Bl., 624 S., [8] Bl.",,,,,,,,,,1,02,,,
L-1555-315487259,1066956596,"III 7, 2",Aaf,DBSM/M/Klemm,"III 7, 2","III 7, 2",Practica Vnd Process|| der Gerichtsleuffte/|| nach dem brauch Sechsischer|| Landart/ aus dem gemeinen Bepstlichen/|| Keiserlichen/ vnd Sechsischen|| R, : ,"[456] Bl., [2] gef.Bl.",,,,,,,,,,1,02,,,
L-1526-315492473,1066962073,"III 21, 24",,,,,,,,,,,,,,,,,,,,,
L-2019-302374,1194269303,"III 21, 40",Aa,DBSM/M/Klemm,"III 21, 40","III 21, 40","GRaduale, omnia sacre Misse Cantica,|| per totum annum, ad vsum et consue=||tudinẽ Ecclesie et Diocesis Monasteriẽsis,|| continens. iam primũ impressu", : ,CCXCV Blätter,,,,,,,,,,1,02,,,
L-1560-315493194,1066962928,"III 36, 10",Aaf,DBSM/M/Klemm,"III 36, 10","III 36, 10",Eigentlicher be=||richt/ der Erfinder aller|| ding/ Nemlich/|| Wie alle Geistliche vnnd Weltliche sachen/|| K#[ue]nste/ Handtwercker vnd H#[ae]ndel #[, : ,"[4], 490, [9] Bl.",,,,,,,,,,1,02,,,
L-1534-15474218X,994216866,"III 45, 1 a",Aal,DBSM/M/Klemm,"III 45, 1 a","III 45, 1 a","Inscriptiones sacrosanctae vetustatis non illae quidem Romanae, sed totius fere orbis summo studio ac maximis impensis terra marique conquisitae felic", : ,"[20] Bl., CCCCCXII S., [4] Bl.",,,,,,,,,,1,03,,,
L-1552-315321458,1066862958,"III 47, 2",Aaf,DBSM/M/Klemm,"III 47, 2","III 47, 2","CHRONOLOGIA|| HOC EST|| OMNIVM TEMPORVM|| ET ANNORVM AB INITIO MVNDI, VSQVE AD|| hunc præsentem a nato Christo annum M.D.LII.|| computatio.|| ...|| AV", : ,"[6] Bl., 8 S., Bl.10-168, [159] Bl.",,,,,,,,,,1,02,,,
L-1555-153966025,993902642,"III 47, 4",Aal,DBSM/M/Klemm,"III 47, 4","III 47, 4",Des @Durchleuchtig=|sten Hochgebornen Fürsten vnnd : , : ,[6] Bl.,,,,,,,,Vorbes.: Exlibris Eduard Freih. v. der Goltz,,1,02,,,
L-1522-315318384,1066859639,"III 49, 1",Aaf,DBSM/M/Klemm,"III 49, 1","III 49, 1",Textus veteris artis scilicet isagogarum; Porphirii predicamentorum Aristotelis simul cum duobus libris Perihermenias eiusdem emendate impressum ad ex, : ,42 Bl.,,,,,,,,umfangr. lat. hs. Kommentare im Text,,1,02,,,
L-1525-315491426,1066960976,"III 51, 17",Aaf,DBSM/M/Klemm,"III 51, 17","III 51, 17",Czwen Sendbrieff des|| Edelen vnd hochgelar||ten hern Johan Picus Grauen zu Mi||randel an Johan Franciscum seinen|| Vettern in wellichen der mensch zu, : ,[9] Bl.,,,,,,,,,,1,02,,,
L-1528-315489022,1066958408,"III 51, 25",Aaf,DBSM/M/Klemm,"III 51, 25","III 51, 25",Sachsenspie||gel. auffs newe ge=||druckt. vñ ander=||weit mit vleysse|| corrigiret.|| ...||[mit Addition vnnd Richt=||steygen «welchen der Gestrenge v, : ,"[4], ccxij, xlvi, XXXVI, [3] Bl.",,,,,,,,,,1,02,,,
L-1557-31530636X,1066847088,"III 51, 30",Aaf,DBSM/M/Klemm,"III 51, 30","III 51, 30",Chronica|| Vnd Antiquitates des alten : , : ,"[8], CVI, [14] Bl.",,,,,,,,,,1,02,,,
L-1556-169798941,999973878,"III 52, 2",Aal,DBSM/M/Klemm,"III 52, 2","III 52, 2","Petri Lombardi|| Episcopi Parisiensis Senten||tiarvm libri IIII|| ... per Ioan. Aleaume Parisien. Theologiae pro||fessorem, pristino suo nitori nunc p", : ,"[8] Bl., 494 S., [13] Bl. Index",,,,,,,,,,1,02,,,
L-1522-681003790,1132616654,"III 57, 8",Aaf,DBSM/M/Klemm,"III 57, 8","III 57, 8","De mysteriis Aegyptiorvm, Chaldaeorum, Assyriorum : ", : ,543 S.,,,,,,,,In Kassette (21 cm),,1,02,,,
L-1556-158415140,994952821,"III 57, 14",,,,,,,,,,,,,,,,,,,,,
L-1506-315469579,1066941939,"III 60, 2",Aaf,DBSM/M/Klemm,"III 60, 2","III 60, 2",Directorium Misse.|| : , : ,[19] Bl.,,,,,,,,,,1,02,,,
L-1514-315487291,1066956650,"III 60, 9",Aa,DBSM/M/Klemm,"III 60, 9","III 60, 9",ROmische Historie : , : ,"[12], CCCCX Bl.",,,,,,,,außerdem vorhanden: 14 Einzelbl. derselb. Ausg.: Klemm-Blattslg. 1965/b.163-176,,1,02,,,
L-1518-315061391,106667292X,"III 60, 14",Aaf,DBSM/M/Klemm,"III 60, 14","III 60, 14",T.LIVIVS PA||TAVINVS HISTO||RICVS.DVOBVS|| LIBRIS AVCTVS|| CVM L.FLORI|| EPITOME. ET|| ANNOTATIS IN|| LIBROS VII.BEL||LI MACED.|| : , : ,"[28], 730, [15] BL.",,,,,,,,,,1,02,,,
L-1521-315492309,1066961905,"III 60, 26",Aaf,DBSM/M/Klemm,"III 60, 26","III 60, 26","REGINO||NIS MONACHI PRV//||MIENSIS ANNA=||LES, NON TAM DE|| AVGVSTO=||RVM VI||TIS,|| QVAM ALIORVM GER||MANORVM GE//||STIS ET DO//||CTE ET COM||PENDIOS", : ,"[12], 58, [2] Bl.",,,,,,,,,,1,02,,,
L-1522-315487364,1066956723,"III 60, 30",Aaf,DBSM/M/Klemm,"III 60, 30","III 60, 30","IN DICTV̂̃|| APOSTOLI AD|| CORINTHIOS.|| Cu autem subiecta fuerint|| illi omnia, tunc & filius ipse|| subijcietur ei &~c.|| De mudatõne leprosi, de my", : ,[12] Bl.,,,,,,,,,,1,02,,,
L-1525-315487216,1066956545,"III 60, 36",Aaf,DBSM/M/Klemm,"III 60, 36","III 60, 36","COLLECTA||NEA ANTI||QVITATVM IN VR||BE, ATQVE AGRO MOGVNTINO RE=||PERTARVM.|| : ", : ,[22] Bl.,,,,,,,,,,1,02,,,
L-1530-315487526,1066956928,"III 60, 44",AaB,DBSM/M/Klemm,"III 60, 44","III 60, 44",ROmische historien : , : ,"[10] Bl., Bl.III-CCCCXLVII",,,,,,,,,,1,02,,,
L-1537-315492716,1066962316,"III 60, 61",Aaf,DBSM/M/Klemm,"III 60, 61","III 60, 61",VNdergerichts ordnung des Er=||tzstiffts Thrier/ durch den Hochwirdigsten inn Gott|| vatter/ Fürsten vnd herren/ Herrn Johansen Ertzbischouen zu Thrie, : ,"LXVI[=64], [4] Bl.",,,,,,,,,,1,02,,,
L-1546-154448621,994061137,"III 60, 72",Aal,DBSM/M/Klemm,"III 60, 72","III 60, 72",LITVRGIA|| S. BASILII|| MAG. NVPER E|| TENEBRIS ERVTA; ET|| in lucem nunc primum|| edita.|| CVM PRAEFATIO-||ne Georgij Vuicelij [Georg Witzel].|| : , : ,"[44] Bl.m. Holzschn.-Init.,Dr.-Sign.auf Titelbl.u.am Schluß",,,,,,,,,,1,02,,,
L-1546-343788683,1079607978,"III 60, 74",Aaf,DBSM/M/Klemm,"III 60, 74","III 60, 74",Titi Liuij deß|| aller redsprechsten vnd hochbe=||r#[ue]mpsten geschicht schreibersz/ R#[oe]mische Historien/|| jetzundt mit gantzen fleiß besichtigt/, : ,"11 statt 12], CCCCL [i.e.451], [1], XCIII, [1] Bl.",,,,,,,,,,1,02,,,
L-1548-164688943,997743751,"III 60, 75",Aal,DBSM/M/Klemm,"III 60, 75","III 60, 75","ABschiedt Der|| Röm. Keys. Maiest. vnd ge||meyner Stend, vff dem Reichsztag z°u Aug||spurg vffgericht, Anno domini|| M. D. XLVIII.|| Resolution vnd Er", : ,"[1], 41, [2, davon 1 leer] Bl.",,,,,,,,VD 16  R 797 hat keine beigefügten Schriften; dafür wurden die zur Ausg. VD 16 R 796 gehörenden beigefügten Schriften hier angebunden,,1,02,,,
L-1557-315216573,1066796122,"III 60, 92",Aaf,DBSM/M/Klemm,"III 60, 92","III 60, 92",Titi Liuij deß|| aller Redsprechsten vnd Hochbe|| rh#[ue]mptesten Geschichtschreibers/ Rh#[oe]mische Historien/|| jetzundt mit gantzem fleiß besichtig, : ,"[12], cccclj, [1], xciij, [1] Bl.",,,,,,,,,,1,02,,,
L-1509-315493356,106696307X,"III 60, 94",Aaf,DBSM/M/Klemm,"III 60, 94","III 60, 94",Der @Stat Wor~ms|| Reformacion: statut?. ordenug|| Satzung die all? Stett?: cńmunen: Regim?ten: fürst?=||thum: Herschafften: Amptleüt?: nutzlich: fürd, : ,"[6], XCIIII Bl.",,,,,,,,,,1,02,,,
L-1509-163089574,996967060,"III 60, 95",,,,,,,,,,,,,,,,,,,,,
L-1532-315299770,1066839743,"III 60, 100",Aaf,DBSM/M/Klemm,"III 60, 100","III 60, 100",Allerley Mackel vnd : , : ,[6] Bl.,,,,,,,,,,1,02,,,
L-1534-315191538,1066769036,"III 60, 102",Aaf,DBSM/M/Klemm,"III 60, 102","III 60, 102","Biblia, beider Allt vnnd Newen Testamenten, fleissig, treülich vnd Christlich, nach alter, inn Christlicher kirchen gehabter Translation... : ", : ,"[4], CCCCCLXXVIII, [4] Bl.",,,,,,,,,,1,02,,,
L-1520-315294949,1066834997,"III 62, 2",Aaf,DBSM/M/Klemm,"III 62, 2","III 62, 2",Das @büech der gemeinen land=||pot. Landsordnüng. Satzüng.|| vnd Gebreüch. des fürstenn=||thumbs in Obern vnd Nidern|| Bairn. Jm funftzehnhundert vnd , : ,"[12], lxvij [i.e. 69] Bl.",,,,,,,,,,1,02,,,
L-1502-315493445,1066963169,"III 69, 1",Aaf,DBSM/M/Klemm,"III 69, 1","III 69, 1",Kunst desz Notariat vnd wie sich der|| Notarius in seinem Ampt halten vnd regieren soll. Jst ver-||deütscht. Durch den ... herren Andres-||sen nawer. , : ,[10] Bl.,,,,,,,,,,1,02,,,
L-1502-315486910,1066956189,"III 69, 2",Aaf,DBSM/M/Klemm,"III 69, 2","III 69, 2",Confessionale cõtinens|| tractatum decem preceptoru. Et septem vicioru ca||pitaliu.Cum quibusdã introductorijs: #[et] attin?ti=||bus.Collectis per Eng, : ,[17] Bl.,,,,,,,,,,1,02,,,
L-1503-315494107,1066963908,"III 69, 7",Aaf,DBSM/M/Klemm,"III 69, 7","III 69, 7",Missale et de t?#[por]e et de|| sanct#[is] nedu #[s]m ordina||riu archiepiscopatus ec||clesie pragensis.|| : , : ,"[16], CCXLV, xxij, [7] Bl., Bl. CCXLVI-CCCCXXXV",,,,,,,,Mit 2 hs. Initialen,,1,02,,,
L-1527-153951540,993888127,"III 69, 16",Aal,DBSM/M/Klemm,"III 69, 16","III 69, 16","DIALLA||GE, HOC EST,|| CONCILIATIO LOCO||rum scripturae, qui prima facie|| inter se pugnare ui||dentur : ", : ,"[4], 99, [6] Bl.",,,,,,,,"Sign. A[4], B[8]-O[4],P[5]",,1,02,,,
L-1531-315488166,1066957533,"III 69, 19",Aaf,DBSM/M/Klemm,"III 69, 19","III 69, 19",Der @Hun||dert vnd eylffte|| Psalm außgelegt durch|| D. Martin Luther.|| Wittemberg.|| : , : ,[20] BL.,,,,,,,,,,1,02,,,
L-1525-168342626,999418424,"III 69, 23 b",Aal,DBSM/M/Klemm,"III 69, 23b","III 69, 23b",DEVTE||RONOMIOS MOSE||ex Ebraeo castigatus cum|| annotationibus Mar||tini Lutheri : , : ,"Titelbl. m. Holzschn.-Einfassung, [203] Bl.",,,,,,,,,,1,02,,,
,,"III 70, 1",,,,,,,,,,,,,,,,,,,,,
L-1510-315220503,1066800642,"III 73, 3",Aaf,DBSM/M/Klemm,"III 73, 3","III 73, 3",Historici clarissimi: que extant Decades cum Epitome L. Flori inomneis libros : , : ,"[26], 280 Bl.",,,,,,,,mit hs. Glossen,,1,02,,,
L-1544-315208775,1066787379,"III 73, 45",,,,,,,,,,,,,,,,,,,,,
L-1556-315468548,1066940789,"III 73, 53",Aaf,DBSM/M/Klemm,"III 73, 53","III 73, 53",M. T. Ciceronis ad M. filium de Officiis libri tres : , : ,"[4] Bl., 256 S., [12] Bl.",,,,,,,,wenige hs. Randbemerkungen,,1,02,,,
L-1556-315297743,1066837643,"III 73, 55",Aaf,DBSM/M/Klemm,"III 73, 55","III 73, 55",Francisci Vicomercati Mediolanensis In quatuor libros Aristotelis meteorologicorum commentarii : et eorvndem librorvm e graeco in latinvm per evndem c, : ,"[6] Bl., 372, 131 S., [1] Bl.",,,,,,,,,,1,02,,,
L-1560-315207531,1066785902,"III 73, 58",Aaf,DBSM/M/Klemm,"III 73, 58","III 73, 58","Confessio catholicae fidei Christiana : vel potivs explicatio qvaedam confessionis a patribus factae in synodo Prouinciali, quae habita est Petrikouia", : ,"[28], 335, [1], 257, [11] Bl.",,,,,,,,,,1,02,,,
L-2012-313164,1023794314,"III 73, 61",,,,,,,,,,,,,,,,,,,,,
L-1546-176987142,1002285739,"III 73, 19 b",Afl,DBSM/M/Klemm,"III 73, 19b","III 73, 19b",TĒS @KAIN̄ES DIATHĒ-||KĒS APANTA||,[1] : ,528 S.,,,,,,,,"Mit hs. Eintr. - Exlibris R. S. Hopper (laut MEI CERL: R[alph]. S[hipperdson]. Hopper, M.D. [of Dublin].). - Schreiber, The Estiennes 90; Württembergische Landesbibliothek <Stuttgart>, Bibelsammlung, Abt. 1, Bd. 3, C. 53",,1,02,,,
L-1519-315324341,1066866074,"III 74, 1",Aaf,DBSM/M/Klemm,"III 74, 1","III 74, 1",Conflati ex angelico doctore s. Thoma primum volumen : , : ,"[6], 299, [1] Bl.",,,,,,,,,,1,02,,,
L-1558-315189622,1066767114,"III 76, 2",Aaf,DBSM/M/Klemm,"III 76, 2","III 76, 2","De trivmphali adventv serenissimi et invictissimi imperatoris Ferdinandi I. P.P. Pragam Bohemorum Metropolim, Gratulatoriae Acclamationes : ex Academi", : ,[38] Bl.,,,,,,,,,,1,02,,,
,,"III 77, 1",,,,,,,,,,,,,,,,,,,,,
L-1555-315465506,1066937672,"III 87, 1",Aaf,DBSM/M/Klemm,"III 87, 1","III 87, 1","Arte breve y provechosa de cuenta castellana y arithmetica, donde se nuestra las cinco reglas de guarismo por la cuenta castellana y reglas de memoria", : ,[23] Bl.,,,,,,,,,,1,02,,,
L-1532-315488522,1066957894,"III 92, 2",Aaf,DBSM/M/Klemm,"III 92, 2","III 92, 2",ANfang/ vrsprug|| vnd herkomen|| des Thurniers inn Teut=||scher nation. Wieuil Thurnier|| biß vff den letstenn zu Wormbs:|| ... gehalten/ vñ durch was, : ,"ccxiij[=214], [4] Bl.",,,,,,,,"Holzschn. kolor., nach Bl. 33 Holzschnitt, sign. LC (=Lucas Cranach) 1509, eingefügt",,1,02,,,
L-1501-315492236,1066961832,"III 95, 1",Aaf,DBSM/M/Klemm,"III 95, 1","III 95, 1",Theologia naturalis siue li||ber creaturarum specialiter|| de homine et de natura eius in quantum homo: et de his que|| sunt ei necessaria ad cognosce, : ,[162] Bl.,,,,,,,,"Mit handgemalten Initialen (Lombarden), rubriziert",,1,02,,,
L-1519-315493003,1066962650,"III 95, 16",Aaf,DBSM/M/Klemm,"III 95, 16","III 95, 16",Theologia.|| Teütsch.|| Das ist ain edels vnd kostlichs b#[ue]ch||lin/ von rechtem verstand/ was|| Adam vnd Christus sey/ vnd|| wie Adam in vns ster=|, : ,[39] Bl.,,,,,,,,,,1,02,,,
L-1511-315492260,1066961867,"III 95, 23",Aaf,DBSM/M/Klemm,"III 95, 23","III 95, 23",HIEROCLIS STOICI PHILOSOPHI|| in aurea Pythagorae carmina|| Commentarius.|| : , : ,[56] Bl.,,,,,,,,,,1,01,,,
L-1522-315468971,1066941262,"III 95, 25",Aaf,DBSM/M/Klemm,"III 95, 25","III 95, 25",Doctor keiserszberg Postil:|| Vber die fyer Euangelia durchs jor/ sampt dem Quadragesimal/ vnd von|| ettlichen Heyligen/ newlich vßgangen.|| (DEr Pass, : ,"XXXV,[1],CXVII,[29],CIX,[1],XXXI Bl.",,,,,,,,,,1,02,,,
L-1524-315493518,106696324X,"III 95, 30",Aaf,DBSM/M/Klemm,"III 95, 30","III 95, 30",Ein @kurtz Register : , : ,[4] Bl.,,,,,,,,,,1,02,,,
L-1530-31530765X,1066848556,"III 95, 31",Aaf,DBSM/M/Klemm,"III 95, 31","III 95, 31","Außgebrennte vnd Distillierte wasser, wie sie zů iedem gebresten des Menschen leibs, vnd warzů sunst deren gebrauch fürträglich, dienen. Jetzt newlich", : ,"[4], XXVI Bl.",,,,,,,,,,1,02,,,
L-1531-315331909,1066874107,"III 95, 32",Aaf,DBSM/M/Klemm,"III 95, 32","III 95, 32","Chronica,|| Zeÿtbuch vnd geschÿcht||bibel von anbegyn biß inn diß ge||genwertig M.D.xxxj. jar...|| verfaßt. Durch Sebastianum Frācken von|| Wörd ...||", : ,"[12], Dxxvj Bl.",,,,,,,,,,1,02,,,
L-1536-315487097,1066956413,"III 95, 34",Aaf,DBSM/M/Klemm,"III 95, 34","III 95, 34",Gart der gesuntheit|| Zu latein|| HORTVS|| SANITATIS. Sagt in vier|| B#[ue]cheren wie hernach volget.|| [Sp.1]Von : , : ,"[5 statt 6], CXLI Bl.",,,,,,,,,,1,02,,,
L-1538-315306270,1066847002,"III 95, 35",,,,,,,,,,,,,,,,,,,,,
L-1538-315301953,1066842213,"III 95, 37",Aaf,DBSM/M/Klemm,"III 95, 37","III 95, 37",DEr @Richterlich Clagspiegel.|| ... : , : ,"[6], CXXXV Bl.",,,,,,,,,,1,02,,,
L-1522-315490918,1066960437,"III 95, 43",Aaf,DBSM/M/Klemm,"III 95, 43","III 95, 43","QVOD|| EXPEDIAT EPISTOLAE|| et Euangelij lectionem in Mis=||sa, uernaculo sermone plebi|| promulgari, Oecolampa||dij ad Hedionem|| Epistola.|| ...|| :", : ,[19] Bl.,,,,,,,,,,1,02,,,
L-1518-315462760,1066934762,"III 98, 1",Aa,DBSM/M/Klemm,"III 98, 1","III 98, 1",P. Vergilius Maro cum Magnete suo Seruio Mario grammatico : interprete quam castigatissimo : & pristinae lectioni : sibique demum plene restituto: cui, : ,"XII Blätter 11 ungezählte Seiten, CLXXXIIII [d.i. CLXXXV] Blätter",,,,,,,,"hs. Eintragungen: auf Bl. CLXXXIIIIv: Imp. Taurini 1518 n. martii, hs. Jahreszahl auf d. Titelbl.: 1554",,1,02,,,
L-9999-406966141,1132648823,"III 99, 3",Af,DBSM/M/Klemm,"III 99, 3","III 99, 3",Chronica Zeitbuch unnd Geschichtbibell von anbegyn biß in diss gegenwertig M.D.xxxvi. iar verlengt,[1]. : ,"[8], cxl Bl.",,,,,,,,,,1,02,,,
L-1519-156398532,994539819,"III 101, 3 Bd. 1",Afl,DBSM/M/Klemm,"III 101, 3","III 101, 3",Opera Omnia,5. : M. T. Ciceronis Orationum volumen primum. - Vol. 1,"[12], 305, [1] Bl.",,,,,,,,"Rücken restauriert. - Orig.-Einbd. in griech. Einbdart, gepunzt. Schnitt",,1,02,,,
L-1501-315317256,1066858470,"III 101, 5",Aaf,DBSM/M/Klemm,"III 101, 5","III 101, 5",Librorum Francisci Petrarche Impressorum annotatio ... : , : ,[494] Bl.,,,,,,,,,,1,02,,,
L-1503-315464275,1066936404,"III 101, 6",Aaf,DBSM/M/Klemm,"III 101, 6","III 101, 6",Valerius Maximus cum commento Oliverii Arzignanensis: et pulcherrima ac utilissima quadam tabula ... : , : ,"206, [9] Bl. Initialen, Kommentarsatz",,,,,,,,hs. Anm. u. Anstreichungen im Text,,1,02,,,
L-1554-406969795,1132652952,"III 101, 9",Af,DBSM/M/Klemm,"III 101, 9","III 101, 9",Delle navigationi et viaggi,"Vol. 1. : Primo volume, & seconda editione delle nauigationi et viaggi in molti luoghi corretta, et ampliata, nella quale si contengono la descrittione dell'Africa, & del paese del Prete Ianni, con varij viaggi, dalla città di Lisbona, & dal mar Rosso à Calicut, & insin' all' isole Molucche, doue nascono le spetierie, et la nauigatione attorno il mondo","[4], 34, [6], 436 Bl.",,,,,,,,,,1,02,,,
L-1519-315461691,1066933618,"III 101, 15",Aaf,DBSM/M/Klemm,"III 101, 15","III 101, 15",Baldus super toto codice : Cum multis Repetitionibus & additionibus ; Ex proprio Auctoris exemplari noviter inventis & excerptis: & locis suis per ..., : ,225 Bl.,,,,,,,,,,1,02,,,
L-1522-154606200,994129572,"III 101, 16",Aal,DBSM/M/Klemm,"III 101, 16","III 101, 16",OPERE DI GIROLAMO||BENIVIENI FIRENTI||NO : NOVISSIMA=||MENTE RIVEDV-||TE ET DA MOL||TI ERRORI||ESPVRGA-||TE CON||VNA Canzona dello Amor celeste||et di, : ,302 [vielm. 208] S.,,,,,,,,,,1,02,,,
L-1542-315461683,106693360X,"III 101, 21",Aaf,DBSM/M/Klemm,"III 101, 21","III 101, 21","Raimvndi Lvlii ... De secretis naturae siue quinta essentia libri duo. His accesserunt, Alberti Magni ... De mineralibus & rebus metallicis libri quin", : ,"324, [8] S.",,,,,,,,,,1,02,,,
L-1543-154047686,993938299,"III 101, 25",Aal,DBSM/M/Klemm,"III 101, 25","III 101, 25",La @GRAMMATI||CA VOLGARE DI M. AL||BERTO DE GLI ACHA||RISI DA CENTO : , : ,[16] Bl.,,,,,,,,,,1,02,,,
L-5305-31530958X,1066850593,"III 101, 28",Aaf,DBSM/M/Klemm,"III 101, 28","III 101, 28",Hamiša hunše torah : , : ,[529] Bl.,,,,,,,,m. eingekl. Transkription des Autographen von H. Klemm (?),,1,02,,,
L-1501-15663757X,994566255,"III 101, 41",Aal,DBSM/M/Klemm,"III 101, 41","III 101, 41",Digestum uetus|| de Tortis : , : ,354 Bl.,,,,,,,,,,1,02,,,
L-1536-17692017X,1002268591,"III 101, 42",Aal,DBSM/M/Klemm,"III 101, 42","III 101, 42",Habes hic amice lector|| : , : ,"[11], CCVII Bl.",,,,,,,,,,1,02,,,
L-2012-327106,1026393566,"III 101, 43",,,,,,,,,,,,,,,,,,,,,
L-1516-315195681,1066773343,"III 101, 2 c",Af,DBSM/M/Klemm,"III 101, 2 c","III 101, 2 c",P. Ouidij Nasonis uita per Aldum ex ipsius libris excerpta. Heroidum epistolae. Amorum libri 3. De arte amandi libri 3. De remedio amoris libri 2. De ,"3. : Quae hoc volumine continentur. Annotationes in omnia Ouidij opera. Index fabularum, & caeterorum, quae insunt hoc libro secundum ordinem alphabeti. Ouidij Metamorphoseon libri 15","[48] Bl., davon das letzte leer, 204 Bl.",,,,,,,,,,1,02,,,
L-1540-15639877X,994539851,"III 101, 3 a",Afl,DBSM/M/Klemm,"III 101, 3a","III 101, 3a",Opera Omnia,"[Abt. 1]. : M. Tullii Ciceronis epistolae familiares, diligentius, quam quae hactenus exierunt, emendatae","[1], CCXVII, [49] Bl.",,,,,,,,"Gleichzeitig angeb. 2 Lagen Schreibpapier m. zeitgen. hs. Anm. zum Buchinhalt, datiert: Patavii 1540, auf d. Tit. v. gleich. Hand Motto. - Aldinen-Einbd. für Antonius von Wertern, Venedig oder Padua 1540, mit gepunzt. Goldschnitt",,1,02,,,
L-1515-169171450,999799924,"III 103, 1a",,,,,,,,,,,,,,,,,,,,,
L-1556-315306971,1066847819,"III 104, 23",Aaf,DBSM/M/Klemm,"III 104, 23","III 104, 23",Biblia|| Das ist: Die gantze|| heilige Schrifft:|| Deudsch.|| Doct. Mart. Luth.|| : , : ,"[6], 344, 382 Bl.",,,,,,,,,,1,02,,,
L-1550-16708013X,998857874,"III 104, 20 a - 3",Afl,DBSM/M/Klemm,"III 104, 20 a","III 104, 20 a",Der ... @Teil der Bücher D. Mart. Luth. ...,"3. : Der @Dritte Teil|| der bücher des Ehrnwirdigen|| herrn doctoris Martini Lutheri, darin zusamen|| gebracht sind christliche vnd tröstliche Erklerung vnd auslegung der fur||nemesten Psalmen, ...","Titelbl. m. Holzschn., [7], 276, 318 Bl.",,,,,,,,Mit Bibliotheksstempel St. Afra zu Meißen,,1,02,,,
L-1538-167110322,998887110,"III 104, 32 d",Aal,DBSM/M/Klemm,"III 104, 32 d","III 104, 32 d",Das|| @XIIII. vnd XV|| Capitel S. Johan||nis : , : ,"[288] Bl., Sign. + 4, A - Z4, Aa - Zz4, aaa - zzz4, AA - BB4",,,,,,,,"Zeitgenöss. Schweinslederband mit Blinddruck, kursächsisch 1. H. 16. Jh., mit 1535 datierter Rolle",,1,02,,,
L-1541-31533214X,1066874336,"III 105, 2",Aaf,DBSM/M/Klemm,"III 105, 2","III 105, 2",Des durchleuchtigen hoch||gebornen Fürsten vnd Herrn/ Herrn : , : ,[51] Bl.,,,,,,,,,,1,02,,,
L-1529-331723204,1074848381,"III 106, 1",Aaf,DBSM/M/Klemm,"III 106, 1","III 106, 1",... : , : ,[182] Bl.,,,,,,,,,,1,01,,,
L-1536-315326794,1066868735,"III 106, 3",,,,,,,,,,,,,,,,,,,,,
L-1523-315469854,1066942218,"III 109, 2",,,,,,,,,,,,,,,,,,,,,
L-1523-315494522,1066964297,"III 109, 3",Aaf,DBSM/M/Klemm,"III 109, 3","III 109, 3",Ordnung deß Nawen|| Studij vnd yetztauffgerichten Collegij yn|| Fürstlicher Stadt Zwickaw.|| [Sp.1] Auff drey haupt=||sprachen.||[Sp.2] Hebraysch.|| K, : ,[10] Bl.,,,,,,,,,,1,02,,,
L-1647-154450324,99406280X,Bö B I 311/4°,Aal,DBSM/F/Bö,Bö B I 311/4°,Bö B I 311/4°,"Les @Écritures Financiere, Et Italienne-Bastarde Dans Leur Naturel ... : Avec Des Alphabets Et Pieces D'Écritures Des Nations Etrangeres", : ,"Tit., [1] Bl. Text m. Hinweis d. Verlegers, Portr., [53] Taf",,,,,,,,,,1,02,,,1707
L-1766-155561243,994377800,Bö B I 329/4°,Aal,DBSM/F/Bö,Bö B I 329/4°,Bö B I 329/4°,Vorschrift :||Zu nutzlicher Nach-||-ahmung und einer|| fleißigen Ubung zu gutem|| vorgestellt und geschrieben : , : ,,,,,,,,,Zeitgen. Pappbd a. süddt. goldgeprägt. Buntpapier,,1,02,,,1766
L-1799-155716743,994405464,Bö B I 331/4°,Aal,DBSM/F/Bö,Bö B I 331/4°,Bö B I 331/4°,Butterworth's|| Universal Penman|| Or The|| Beauties of Writing Delineated|| In all the various hands now practised.|| Designed|| For The ||Improvemen, : ,32 Kupf. Taf. einschl. Tit.,,,,,,,,,,1,02,,,1799
L-1758-156363704,994521820,Bö B I 338/4°,Aal,DBSM/F/Bö,Bö B I 338/4°,Bö B I 338/4°,Practical and ornamental Penmanship : a new copy book, : ,"[4] Bl. typogr. Text, 30 Kupfertaf.",,,,,,,,,,1,02,,,1758
L-1772-157568423,994693214,Bö B I 351/2°,Aal,DBSM/F/Bö,Bö B I 351/2°,Bö B I 351/2°,Ammaestramenti Teorieopratici Indirizzati ad agevolare il modo d'imparare da per se La Scrittura Moderna : , : ,"44, [2] Taf.",,,,,,,,Ausg. ohne Portr.,,1,02,,,1772
L-1798-16342294X,997140933,Bö B I 368/4°,Afl,DBSM/F/Bö,Bö B I 368/4°,Bö B I 368/4°,"Anleitung zur Schönschreibkunst vom Schreibmeister Joseph Anton Heß, Würzburg",H. 1 : ,"[1 Kupf.-Tit.], [Taf.] 1 - 8",,,,,,,,,,1,02,,,1798
L-1775-16770382X,999198246,Bö B I 397,Aal,DBSM/F/Bö,Bö B I 397,Bö B I 397,"Anleitung zur Schönschreibekunst, mit gnädigster Freiheit Seiner Hochfürstln Durchlt Hern Ludwigs des IXten regierenden Landgrafen zu Hessen-Darmstatt", : ,,,,,,,,,,,1,02,,,1775
L-1758-170985369,1000651371,Bö B I 445/2°,Aal,DBSM/F/Bö,(Großformate),Bö B I 445/2°,Le @Grand-Art|| dʹécrire|| Necessaire à ceux qui veulent se perfectionner dans cette Science|| ... dedié|| Aux Enfans de France|| : , : ,30 Kupfertafeln,,,,,,,,,,1,02,,,1758
L-1793-180266608,1003598099,"Bö B I 446 - 1, Taf.",Afl,DBSM/F/Bö,Bö B I 446 (Großformate),Bö B I 446 - 1.Tafelbd.,Systematische Anweisung zum Schön- und Geschwindschreiben und zur Prüfung deutscher Hand- und Druckschriften,"Tafelbd., Teil 1 : , Systematische Anweisung zum Schönschreiben",Kupf.-Tit.,", ",,,,,,,"Tit. sign.: Schurich inv., C. F. Holtzmann fecit",,1,02,,,1793
L-1756-17495347X,1001471156,Bö B I 462/2°,Aal,DBSM/F/Bö,Bö B I 462/2°,Bö B I 462/2°,"Joannis Georgii|| Schwandneri|| Austriaci Stadelkirchensis|| Dissertatio|| Epistolaris|| De|| Calligraphiae|| Nomenclatione,|| Cultu,|| Praestantia,||", : ,"Kupf. Tit., typogr. Tit., 2 Bl. Privileg, S. 3 - 14",,,,,,,,,,1,02,,,1756
L-1667-175049084,1001523482,Bö B I 470/2°,Aal,DBSM/F/Bö,(Großformate),Bö B I 470/2°,Exemples De nouuelles Escritures de Finances et Italienne bastarde Comme elles doiuent estre pratiquées par ceux qui aspirent aux Employs et commissio, : ,"Kupf. Tit., [19] Kupf. Taf.",,,,,,,,,,1,02,,,1667
L-1563-170015858,1000112233,Bö B I 529,Aal,DBSM/F/Bö,Bö B I 529,Bö B I 529,"De furtivis literarum notis, vulgo de ziferis libri 4 : ", : ,"[10] Bl., 228 S.",,,,,,,,,,1,02,,,1563
L-1535-177605987,1002571642,Bö B III 152,Aal,DBSM/F/Bö,Bö B III 152,Bö B III 152,"Thesavro De Scrit=||tori|| : opera artificiosa laquale con grandissima arte, si per pratica|| come per geometria insegna a Scruere diuerse sorte litte", : ,[48] Bl. Holzschn. u. typogr. Text.,,,,,,,,Tit . u. Bl. A2 m. etwas Textverlust,,1,02,,,1535
L-1782-167732293,999212214,Cb 6 -1,Afl,DBSM/F/Klemm,Cb 6,Cb 6,"Liber artificiosus alphabeti maioris, oder: neu inventirtes Kunst-Schreib -und Zeichenbuch, bestehend in 56 künstlich gravirten Kupferstichen, nebst b",1 : ,"[2] Bl., 22 S.",,,,,,,,,,1,02,,,1782
L-1785-167732366,999212273,Cb 6 -2,Afl,DBSM/F/Klemm,Cb 6,Cb 6,"Liber artificiosus alphabeti maioris, oder: neu inventirtes Kunst-Schreib -und Zeichenbuch, bestehend in 56 künstlich gravirten Kupferstichen, nebst b",2 : ,66 S.,,,,,,,,,,1,02,,,1785
L-1764-173913997,100125600X,Cb 11,Aal,DBSM/F/Klemm,Cb 11,Cb 11,"Vorschriften zum Versuch, eine nach heutigen Geschmack eingerichtete ungezwungene Hand zu schreiben : ", : ,22 Bl.,,,,,,,,,,1,02,,,1764
L-1741-175756104,1001872924,Cb 12,Aal,DBSM/F/Klemm,Cb 12,Cb 12,"Des ... @Johann Stäpsens in Leipzig, nach einer netten Dreßdner Hand eingerichtete Fundamental-Vorschriftten : ", : ,"[3] Bl., [34] Taf.",,,,,,,,,,1,02,,,1741
L-1776-153970227,993908063,Cb 13,Aal,DBSM/F/Klemm,Cb 13,Cb 13,"Vollkommene Gründ- und Regulmäßige Anweisung zur Schön-Schreib-Kunst, darinnen man... die Current- Canzley- und Fractur-Schrifften- ingleichen auch di", : ,,,,,,,,,,,1,02,,,1776
L-1764-153970677,993908454,Cb 16,Aal,DBSM/F/Klemm,Cb 16,Cb 16,"Muster einer ganz neuen schönen und regulmäßigen Schreib-Art, durch das ganze Alphabet, in Fractur, Canzley und Current, dann vielen veränderten Jügen", : ,[26] Bl.,,,,,,,,Börsenvereinsbibliothek Kriegsverlust,,1,02,,,1764
L-1729-155561057,994377584,Cb 18,Aal,DBSM/F/Klemm,Cb 18,Cb 18,"Vorschrifft, deutsch und frantsösischer Lauff-Cantsley und Fractur-Schrifften auff die neuweste Manier der lehrbegierigen Jugend zu gutem : ", : ,[14] Bl.,,,,,,,,,,1,02,,,1729
L-1741-176001662,1002008700,Cb 175,Aal,DBSM/F/Klemm,Cb 175,Cb 175,Geographische und historische Vorschrifften : mit sonderbarem Fleiß colligiret von einem Liebhaber der edlen Schreibe-Kunst, : ,"Kupfert., [1] Bl., gest. Widmg, [1] Bl. typogr. Satz, 28 Kupf. z.T. mit leeren Seiten durchschossen",,,,,,,,"Mit hs. Widmg v. Hellmuth Tschörtner f. Bruno [Rebner], 1.4.1951",,1,02,,,1741
L-2013-328326,1044098473,Cb 651,Aa,DBSM/F/Klemm,(ÜF/3.OG/R75/8/6),Cb 651,L' @Ecriture Italienne Bâtarde En sa perfection De la maniere qu'elle s'ecrit A Present : ,",  : , ",[31] Bl.,", ",,,,,,,,,1,01,,,1695
L-2013-328325,1044098953,Cb 652,Aa,DBSM/F/Klemm,Cb 652,Cb 652,Gründliche Anweisung zur Schreib-Kunst : sammt Etlichen Alphabethen sowohl der Current- und Cantzley- als auch Fractur und Lateinischen Schrifften ; D,",  : , ",[13] Blätter,", ",,,,,,,"hs. Eignervermerk: B. F. Beutler 1812 auf d. Vorsatz; darunter: C. G. Becherer Eigenthums-Recht vorbehalten. 1880; auf d. Schnitt in Großbuchstaben: BECHERER. Zahlr. Kritzeleien - Kinderzeichnungen auf freien Seiten (1. Hälfte 20. Jh. oder älter); enth. Titelblatt und 12 Blätter in Kupferstich, gestempelt ""Deutsche Nationalbibliothek"" 19.07.2016",,1,01,,,1709
L-2014-311364,1050418271,Cb 662,Aa,DBSM/F/Klemm,(ÜF 3.OG/R.51/2/2),Cb 662,"Originale caratteri : moderni et antichi ; dedicati A.S.R.M. Francesco 1mo, Re del Regno delle Due Sicilie",",  : , ",[12] Bl.,", ",,,,,,,Halbmaroquineinband mit ledernem montierten Deckelschild,,1,02,,,1830
L-1491-327139668,1072233924,Bö Ink 16,Aa,DBSM/M/Bö,Bö Ink 16,Bö Ink 16,Le @songe du vergier : , : ,168 Bl.,,,,,,,,,,1,02,,,
L-1476-315503459,1066973067,Bö Ink 18,Aaf,DBSM/M/Boe,Bö Ink 18,Bö Ink 18,Speculum morale : , : ,477 Bl.,,,,,,,,,,1,02,,,
L-1491-315500182,1066969841,Bö Ink 24,Aaf,DBSM/M/Boe,Bö Ink 24,Bö Ink 24,Novella super VI. Decretalium : , : ,160 Bl.,,,,,,,,,,1,02,,,
L-1497-315499915,1066969590,Bö Ink 25,Aaf,DBSM/M/Boe,Bö Ink 25,Bö Ink 25,Epitome Historiarum Trogi Pompei : , : ,54 Bl.,,,,,,,,,,1,02,,,
L-1488-315496282,1066965986,Bö Ink 27,Aa,DBSM/M/Bö,Bö Ink 27,Bö Ink 27,Summa casuum conscientiae : , : ,324 Bl.,,,,,,,,,,1,02,,,
L-1487-315501871,1066971498,Bö Ink 53,Aa,DBSM/M/Bö,Bö Ink 53,Bö Ink 53,Sermones thesauri novi de tempore : , : ,330 Bl.,,,,,,,,,,1,02,,,
L-1495-327145609,1072240653,Bö Ink 57,Aa,DBSM/M/Bö,Bö Ink 57,Bö Ink 57,Expositio in primum librum Canonis Avicennae cum quaestionibus eiusdem : , : ,162 Bl.,,,,,,,,,,1,02,,,
,,Bö Ink 58 - 2,,,,,,,,,,,,,,,,,,,,,
,,Bö Ink 61 (Blindband),,,,,,,,,,,,,,,,,,,,,
L-1483-315499753,1066969434,Bö Ink 62,Aaf,DBSM/M/Boe,Bö Ink 62,Bö Ink 62,Postillae de tempore et sermones : , : ,P. 1: 234 Bl. - P. 2: 184 Bl.,,,,,,,,,,1,02,,,
L-1488-315501413,1066971056,Bö Ink 69,Aaf,DBSM/M/Boe,Bö Ink 69,Bö Ink 69,Supplementum Summae Pisanellae et Canones poenitentiales fratris Astensis : , : ,368 Bl.,,,,,,,,,,1,02,,,
L-1474-31550370X,=Bö_Ink!BH30,Bö Ink 73,,,,,,,,,,,,,,,,,,,,,
L-1476-327155469,1072254964,Bö Ink 77,Aa,DBSM/M/Bö,Bö Ink 77,Bö Ink 77,Commentum in Ciceronis Oratorem : , : ,176 Bl.,,,,,,,,,,1,03,,,
L-1489-327160357,1072051486,Bö Ink 84,Aa,DBSM/M/Bö,Bö Ink 84,Bö Ink 84,Cursus hinc inde collecti : , : ,202 Bl.,,,,,,,,,,1,03,,,
L-1489-315496789,1066966494,Bö Ink 86,Aa,DBSM/M/Bö,Bö Ink 86,Bö Ink 86,"Biblia, lat. : ", : ,450 Bl.,,,,,,,,,,1,02,,,
L-1472-31550160X,1066971234,Bö Ink 89,Aaf,DBSM/M/Boe,Bö Ink 89,Bö Ink 89,Praeceptorium divinae legis sive Expositio decalogi : , : ,330 Bl.,,,,,,,,,,1,02,,,
L-1672-181212536,1003943349,Bö M 9,Aal,DBSM/M/Bö,Bö M 9,Bö M 9,Möglichst kürtzeste/ jedoch gründliche Genealogische Herführung/ Von uralter Her- und Ankunfft Beyder Hoch-Fürstlichen Häuser Baden und HolsteinBenebe, : ,"[5] Bl., 152 S., [1] Bl., [14] gef. Bl.",,,,,,,,,,1,02,,,
L-1646-181218844,1003949487,Bö M 20,Aal,DBSM/M/Bö,Bö M 20,Bö M 20,"Topographia Archiepiscopatuum Moguntinensis, Trevirensis, et Coloniensis, Das ist Beschreibung der Vornembsten Stätt und Plätz, in denen Ertzbistumen ", : ,"54 S., [3], [20] Bl., [24] gef. Bl.",,,,,,,,,,1,02,,,
L-1653-181219549,1003950183,Bö M 24,Aal,DBSM/M/Bö,Bö M 24,Bö M 24,Topographia Saxoniae Inferioris : das ist Beschreibung der vornehmsten Stätte vnnd Plätz in dem hochl. Nider Sachß. Crayß, : ,"242 S., [10] Bl., [33] gef. Bl.",,,,,,,,,,1,02,,,
L-1650-181219719,1003950396,Bö M 26,Aal,DBSM/M/Bö,Bö M 26,Bö M 26,M.Z. @Topographia Superioris Saxoniae Thüringiae/ Misniae Lusatiae etc: Das ist Beschreibung der Vorn[embste]n und Bekantesten Stätt/ und Plätz/ in Ch, : ,"[2] Bl., 210 S., [7], [1] Bl., [61] gef. Bl.",,,,,,,,,,1,02,,,
NF,1003948413,Bö M 28,,,,,,,,,,,,,,,,,,,,,
L-1654-181216574,1003947328,Bö M 29,Aal,DBSM/M/Bö,Bö M 29,Bö M 29,Topographia Circuli Burgundici: Das ist/ Beschreibung deß Burgundisch- und Niederländischen Craises; Oder der XVII. Niederländischen Provintzen/ und w, : ,"[Kupfert. typogr. Titel,] 283 S., [10] Bl. Reg., [12] Kt. u. [106] Kupferst.",,,,,,,,,,1,02,,,
L-1694-181187868,1003920195,Bö M 44,Aal,DBSM/M/Bö,Bö M 44,Bö M 44,"Francisci Junii F. F. de Pictura Veterum libri tres ... accedit Catalogus, adhuc ineditus, Architectorum, Mechanicorum ... : ", : ,"[Kupfert.], [11] Bl., 296 S., [10] Bl.",,,,,,,,,,1,02,,,
L-1660-181299534,1003988458,Bö M 47,Aal,DBSM/M/Bö,Bö M 47,Bö M 47,Amoris divini emblemata : , : ,127 S.,,,,,,,,Zeitgenöss. Kalbslederinband m. Wappenexlibris des Antoine Barillon de Morangis auf beid. Deckeln,,1,02,,,
L-1613-180647148,1003798918,Bö M 49,Aal,DBSM/M/Boe,Bö M 49,Bö M 49,Astronomique discours : , : ,"[2] Bl., 275 S.",,,,,,,,,,1,02,,,
L-1672-181122235,1003872638,Bö M 56,Afl,DBSM/M/Bö,Bö M 56,Bö M 56,Le @Monde ou la geographie universelle ...,P. 1 : ,"[3] Bl., 336 S., 52 doppelseitige Kupfertafeln",,,,,,,,"Zeitgenöss. Einband m. Superexlibris auf beid. Deckeln: Wappen m. d. Devise ""Vivit post funera vitus""; enthält (mit Kupfertitel) 52 doppelblattgroße Karten, teilweise koloriert",,1,02,,,
L-1604-181117894,1003868568,Bö M 65,Aal,DBSM/M/Bö,Bö M 65,Bö M 65,Scholia Sive Dilvcidationes Ervditissimae In Latinos Plerosqve Historiae Romanae Scriptores Quorum nomina versa : , : ,"1101 S., 48 Bl. Index",,,,,,,,Zeitgenöss. Einband mit Rollen- u. Plattenstempel (Wappen d. Dt. Reichs u. v. Sachsen) u. Besitzermonogramm F T F 1607,,1,02,,,
L-1599-31548859X,1066957959,Bö M 73,,,,,,,,,,,,,,,,,,,,,
L-1623-181140365,100388962X,Bö M 79,Aal,DBSM/M/Bö,Bö M 79,Bö M 79,"Pompa funebris optimi potentissimq[ue] principis Alberti Pii, Archiducus Austriae ... : ", : ,"Titelbl., [12] Bl.",,,,,,,,"Kupfertitel beschädigt, restauriert",,1,02,,,
L-1704-181067382,1003838677,Bö M 82,Aal,DBSM/M/Bö,Bö M 82,Bö M 82,"Biblia, Das ist, Die gantze heilige Schrifft Alten und Neuen Testaments Verteutscht durch D. Martin Luther. Jetzo abermal Nach dem letzten im Jahr 154", : ,"[3] Titelbl., [21] Bl., 675, 264, 182, 328 S.",,,,,,,,,,1,02,,,
L-1607-181189135,1003921124,Bö M 83,Afl,DBSM/M/Bö,Bö M 83,Bö M 83,Corpus iuris civilis,Tomus II : Codicis Iustiniani D.N. Sacratissimi Principis PP. AVG. Repetitae praelectionis libri XII,880 Spalten,,,,,,,,"Zeitgenöss. Einbd. m. Platten- u. Rollenstempeln. - Auf d. Titelbl. Druckersignet: Anker m. Schlange, von 2 Händen gehalten (T. 2) bzw. Fama",,1,02,,,
L-1705-181052911,1003825370,Bö M 86,,,,,,,,,,,,,,,,,,,,,
L-1518-181276631,1003966217,Bö M 92,Aal,DBSM/M/Bö,Bö M 92,Bö M 92,"PLVTAR-||chi Chaeronẽsis opuscula quaedã,|| Des. Erasmo Roterodamo,|| Stephano Nigro,|| Angelo Barbato,|| Bilibaldo Pirckheymero, &|| Philippo Melanch", : ,194 S.,,,,,,,,,,1,02,,,
L-1688-181197553,1003928617,Bö M 96,Aal,DBSM/M/Bö,Bö M 96,Bö M 96,Martin Luthers Kleiner Catechismus ... : vom Ministerio zum H. Creutz in Dreßden ... erläutert ... und ... in Kirchen u. Schulen zum allgemeinen Gebra, : ,"[12 Bl.] 548 S., [14 Bl. Reg.]",,,,,,,,[Histor. Einband],,1,02,,,
L-1707-180647997,1003799868,Bö M 97,Aal,DBSM/M/Bö,Bö M 97,Bö M 97,Der @Andächtig=Gott=ergebenen Jungfer Tägliches Hand= und Gebeth=Buch ... mit ... Kupffern versehen : , : ,"Frontispiz in Kupferst., [3] Bl., 538 S., [2] Bl.",,,,,,,,Histor. Einband: Pergament mit Druchbrucharbeit stark abgenutzt,,1,02,,,
L-1516-181274914,1003964591,Bö M 98,Afl,DBSM/M/Bö,Bö M 98,Bö M 98,P. Ouidij Nasonis uita per Aldum ex ipsius libris excerpta. Heroidum epistolae. Amorum libri 3. De arte amandi libri 3. De remedio amoris libri 2. De ,"3. : Quae Hoc Volumine Continentur: Annotationes in omnia Ovidii opera, Index fabularum, et caeterorum, quae insunt hoc libro secundum ordinem alphabeticum, Ovidii Metamorphoseon Libri XV","[48,] 204 Bl.",,,,,,,,Aldineneinband m. Dekoration n. Art gewiss. Groliereinbände,,1,02,,,
L-1585-315487275,1066956618,Bö M 102,Aaf,DBSM/M/Boe,Bö M 102,Bö M 102,Der @Ander Teil|| aller deudscher B#[ue]cher vnd Schriff=||ten des thewren/ seligen Mans Gottes D. Mart. Lutheri/|| vom XXII. Jar an/ bis auff den ..., : ,"[8], 524 [i.e.504] Bl.",,,,,,,,,,1,02,,,
L-1558-315487585,1066956979,Bö M 103 - 2,Aaf,DBSM/M/Boe,Bö M 103 - 2,Bö M 103 - 2,Der @Ander Teil|| aller B#[ue]cher vnd Schrifften ...|| Doct. Mart.Lutheri/ vom XXII|| Jar an/ bis auff den ... Abschied aus diesem|| Leben/ des ... H, : ,"[8], 529 Bl.",,,,,,,,,,1,02,,,
L-1558-315488603,1066957967,Bö M 103 - 8,Aaf,DBSM/M/Boe,Bö M 103 - 8,Bö M 103 - 8,Der @Achte Teil|| vnd letzte aller B#[ue]cher vnd Schriff||ten des thewren seligen Mans Gottes/ Doctoris Martini|| Lutheri/ vom XLII.Jar an/ bis auff , : ,"[4], 429, [1] Bl.",,,,,,,,,,1,02,,,
L-1512-315470127,106694251X,Bö M 105,,,,,,,,,,,,,,,,,,,,,
L-1524-315487402,1066956782,Bö M 108,Aaf,DBSM/M/Boe,Bö M 108,Bö M 108,"FLAVII IOSE||PHI HEBRAEI, HISTORIO-||graphi clariss. opera, ...|| recognita & castigata: ...|| Antiquitatum Iudaicarum li.XX.|| De bello Iudaico li.VI", : ,"[30], 347 Bl.",,,,,,,,,,1,02,,,
L-9999-18065022X,100380232X,Bö M 109/4°,Aal,DBSM/M/Boe,Bö M 109/4°,Bö M 109/4°,"Aemylii Probi de Vita excellentium imperatorum, ad T. Pompomium Atticum : ", : ,unbekannte Seitenzahl,,,,,,,,,,1,02,,,
L-1650-181196301,1003927556,"Bö M 111 - 1,2",Afl,DBSM/M/Bö,"Bö M 111 - 1,2","Bö M 111 - 1,2","Jo. Petri Lotichii Rerum Germanicarum, sub Matthia, Ferdinandis II. & III. Impp. gestarum, libri LV.","1,2 : Liber XIX-LV","Seiten 507-1154, 26 ungezählte Seiten, 25 gefaltete Tafeln",,,,,,,,hist. Einbd,,1,02,,,
L-1575-181118084,1003868746,Bö M 112,,,,,,,,,,,,,,,,,,,,,
L-9999-40696632X,1132649080,Bö M 113,Af,DBSM/M/Bö,Bö M 113,Bö M 113,"OMNIA || D. BASILII MAGNI || ARCHIEPISCOPI CAESAREAE CAP/||PADOCIAE, QVAE EXTANT, OPERA, IVXTA ARGVMEN/||torum congruentiam in Tomos partita quatuor, ",2 : Tomus secvndus,S.265-412,,,,,,,,,,1,02,,,
L-1578-315464747,1066936919,Bö M 116,Aaf,DBSM/M/Boe,Bö M 116,Bö M 116,"PRACTICA=||RVM OBSERVATIO=||NVM TAM AD PROCESSVM IVDICIARIVM|| PRAESERTIM IMPERIALIS CAMERAE, QVAM CAVSA-||RVM DECISIONES PERTINENTIVM,|| LIBRI DVO.||", : ,"[4] Bl., 452 S., [35] Bl., 162 S., [1] Bl.",,,,,,,,,,1,02,,,
L-1743-181148749,1003897894,Bö M 126/4°,Afl,DBSM/M/Bö,Bö M 126/4°,Bö M 126/4°,"Johann Ludwig Gottfrieds historische Chronik oder Beschreibung der merckwürdigsten Geschichte, so sich von Anfang der Welt bis auf das Jahr Christi 17",Theil 1[-8] : ,"Titelblatt, 8 ungezählte Seiten, 31 Kupferstichtafeln, 14 ungezählte Seiten, 1184 Seiten, ungezählte Seiten Register",,,,,,,,,,1,02,,,
L-1581-315488573,1066957932,Bö M 130,Aaf,DBSM/M/Boe,Bö M 130,Bö M 130,"TOMVS SE=||CVNDVS OMNI=||VM OPERVM REVEREN=||di Patris,viri Dei, D.Mart.Luth. quae|| edidit ab anni vicesimi parte quadam|| vs´q; ad annum vicesimum q", : ,"[6], 571 Bl.",,,,,,,,,,1,02,,,
L-1790-181300168,100398908X,Bö M 134/4°,Aal,DBSM/M/Bö,Bö M 134/4°,Bö M 134/4°,I @Pianti dʹelicona su la tomba di Teresa Ventura Venier : , : ,63 Seiten,,,,,,,,,,1,02,,,
L-1707-181193744,1003925332,Bö M 135/4°,,,,,,,,,,,,,,,,,,,,,
L-1518-315487011,1066956324,Bö M 140,Aaf,DBSM/M/Boe,Bö M 140,Bö M 140,Summa Jo/||annis gezogen ausz|| den Euangelien vnd Geystlichen|| vnd Weltlichen rechten/auß der|| ein yeglicher in seim standt/ be||riecht nemen mag//, : ,[121] Bl.,,,,,,,,,,1,02,,,
L-1701-181117355,1003868134,Bö M 144/4°,Aal,DBSM/M/Bö,Bö M 144/4°,Bö M 144/4°,Philippiques de Demosthene avec des remarques : , : ,"375 Seiten, 46 ungezählte Seiten",,,,,,,,hist. Einbd,,1,02,,,
L-1580-181276143,1003965776,Bö M 146/4°,,,,,,,,,,,,,,,,,,,,,
L-1512-181277131,1003966713,Bö M 149/4°,Afl,DBSM/M/Bö,Bö M 149/4°,Bö M 149/4°,Omnium Angeli Politiani operum (que quidem extare nouimus) Tomus ...,Tomus 1-2 : ,"CXLIIII, [2]-CXXIIII Fol.",,,,,,,,"hist. Ebd, dat. 1557; m. Ottheinrich-Platte",,1,02,,,
L-1544-315491957,1066961565,Bö M 151,Aaf,DBSM/M/Boe,Bö M 151,Bö M 151,"SOPHOKLEUS|| TRAGODIAI HEPTA ME-||ta scholion palaion kai pany ophelimon.||SOPHOCLIS TRAGOE/||DIAE SEPTEM, CVM INTER=||pretationibus uetustis et ualde", : ,"[2], 193, [1] Bl.",,,,,,,,"Titelbl. fehlt, unvollst.",,1,02,,,
L-1518-181277891,100396740X,Bö M 158/8° - 1,Afl,DBSM/M/Bö,Bö M 158/8°,Bö M 158/8°,Joannis Joviani Pontani Opera omnia soluta oratione composita,(1.) : De obedientia libri V. De fortitudine libri II. Liber De principe. Liber de liberalitate. Liber de beneficentia. Liber de magnificentia. Liber de splendore. Liber de conuiuentia. De prudentia libri V. De magnanimitate libri II. De fortuna libri III. Liber de immanitate.,"[4], 326 [i.e. 327], [1] Blätter",,,,,,,,,,1,02,,,
L-1546-315329424,1066871620,Bö M 169,,,,,,,,,,,,,,,,,,,,,
L-1802-397569602,1126762407,Bö M 186/8° - 4,Afl,DBSM/M/Bö,Bö M 186/8°,Bö M 186/8°,Laure ou lʹAmour et les systèmes,Tome 4 : ,312 Seiten,,,,,,,,,,1,02,,,
L-1534-181274450,1003964117,Bö M 187/8° - 2,Afl,DBSM/M/Bö,Bö M 187/8°,Bö M 187/8°,[Werke],[2.] : P[ublii] Ovidii Nasonis Epistolarum Heroidum liber,432 Seiten,,,,,,,,defekt,,1,02,,,
L-1644-181117525,100386824X,Bö M 192/°,Aal,DBSM/M/Bö,Bö M 192/°,Bö M 192/°,Didymi Hermannovillani Disquisitiones ubiquisticae sive de Christo contra ubiquistas aliosque; ... : , : ,528 Seiten,,,,,,,,hist. Ebd.,,1,02,,,
L-1793-181271494,1003961193,Bö M 199/8°,Afl,DBSM/M/Bö,Bö M 199/8°,Bö M 199/8°,Der @neue teutsche Merkur,Dritter Band : ,440 Seiten,,,,,,,,,,1,02,,,
L-1836-181115247,1003866549,Bö M 202,Aal,DBSM/M/Bö,Bö M 202/8°,Bö M 202,Bunte Scenerien aus dem Menschenleben : ein Bilderbuch ganz neuer Art, : ,"4 ungezählte Seiten, 172 Seiten, 4 aufklappbare Kupferstichtafeln",,,,,,,,"Anhaltspunkt für Wertermittlung: auf der Ketterer Auktion 418, Wertvolle Bücher am 17./18.11.2014 in Hamburg, Lot 636, wurden 2 Bilder für 1800,00 EUR versteigert",,1,02,,,
L-1520-181276496,1003966098,Bö M 213/8°,Aal,DBSM/M/Bö,Bö M 213/8°,Bö M 213/8°,"Brevissima maxmieque [!] compendiaria co[n]ficiendarum epistolarum formula : studiosae juventuti admodum utilis ; ac necessaria, nunc primum typis exc", : ,"[9] Blätter, Bogensig. A ij-B ij",,,,,,,,,,1,02,,,
L-1588-181115271,1003866573,Bö M 216,Aal,DBSM/M/Bö,Bö M 216,Bö M 216,Dauidis Chytraej|| CHRONICON|| SAXONIAE|| & vicini orbis Arctoj.|| PARS PRIMA.|| Ab anno Christi 1500.|| vs#[que] ad 1524.|| CVM INDICE.|| : , : ,"652[=653], [1] S., [24] Bl.",,,,,,,,,,1,02,,,
L-1526-181144301,1003893554,Bö M 231/8°,Aal,DBSM/M/Bö,Bö M 231/8°,Bö M 231/8°,"GALENI PER||GAMENSIS, MEDICO||rum omniu ferè princi=||pis, de sanitate tuenda li||bri sex, interprete Tho=||ma Linacro Anglo: é#[que] : ", : ,"8 ungezählte Seiten, Seite 3 bis 427, 1 leeres Blatt",,,,,,,,hist. Einbd,,1,02,,,
L-1526-315468920,1066941203,Bö M 232,AaB,DBSM/M/Bö,Bö M 232,Bö M 232,A. GELLII LV||CVLENTISSIMI SCRI-||PTORIS NOCTES|| ATTICAE.|| (ANNOTA/||TIONES PETRI MOSELLA/||ni Protogensis in clarissimas|| Auli Gellij Noctes|| Att, : ,"[28] Bl.,420 S., [20 statt 117] Bl.",,,,,,,,,,1,02,,,
L-1564-181208350,100393904X,Bö M 235/8°,Afl,DBSM/M/Bö,Bö M 235/8°,Bö M 235/8°,"In M. T. Ciceronis epistolas, quae familiares vocantur, argumenta ...","Tom 2 : IN M. T. CICE=||RONIS EPISTOLAS,|| QVAE FAMILIARES VOCAN-||TVR, ARGVMENTA, QVAE TVM ORDI-||nem scriptorum, & seriem Historiarum,|| tum locos Rhetoricos complectuntur, ex","357 [=358], [1] Bl., A8-Z8, a8-x8, y7",,,,,,,,Schenkg Kirchhoff; defekt,,1,02,,,
L-1544-315493615,1066963355,Bö M 238,Aaf,DBSM/M/Boe,Bö M 238,Bö M 238,"ARISTOTELIS|| DE REPV||BLICA, QVI POLITICO-||rum dicuntur, libri VIII. à IOA-||chimo Perionio Cormoeriace-||no nuper latinitate|| donati,|| AD FRANCIS", : ,"[8] Bl., 600 S., [32] Bl.",,,,,,,,,,1,02,,,
L-1561-315327413,106686943X,Bö M 245,Aaf,DBSM/M/Boe,Bö M 245,Bö M 245,"Gregorii Tvronici Historiæ Francorum libri decem : In quibus non solum Francorum res gestae, sed etiam Martyrum cum fidelibus bella, et Ecclesiae cum ", : ,"[16] Bl., 639 S., [16] Bl.",,,,,,,,,,1,02,,,
L-1592-181116391,1003867383,Bö M 249/8°,Aal,DBSM/M/Bö,Bö M 249/8°,Bö M 249/8°,Comes rusticus ex optimis latinae linguae scriptoribus excerptus : , : ,"[6] 235 S., gef. Taf.",,,,,,,,"vorhandene Taf.: Laurentinum II, III, Tuscorum II, III",,1,02,,,
L-1519-315330309,1066872554,Bö M 263,Aaf,DBSM/M/Boe,Bö M 263,Bö M 263,"AD RE||VERENDISSIMVM ATq[ue]|| illustrissimum principem, D.|| Albertum Archiepiscopum|| Moguntinu, Cardinale &c.|| epl'a V. Fabritij Capitonis.|| [Sp.", : ,79 S.,,,,,,,,,,1,02,,,
L-1507-315321040,1066862451,Bö M 265,Aaf,DBSM/M/Boe,Bö M 265,Bö M 265,[Vade mecum.|| Missale Jtinerātium|| ...] : , : ,"[1], XXV, [6] Bl., Bl. XXVI - XLVII, [1] Bl.",,,,,,,,,,1,02,,,
L-1522-315487534,1066956936,Bö M 267,Aaf,DBSM/M/Boe,Bö M 267,Bö M 267,"LIBANII|| SOPHISTAE GRAECI|| declamatiunculae aliquot, eae-||dem´#[que] Latinae, per DES.|| ERASMVM ROT.|| Cum duabus orationibus|| Lysiae itidem uers", : ,[114] Bl.,,,,,,,,,,1,02,,,
L-1740-181151022,1003900119,Bö M 284/8°,Aal,DBSM/M/Bö,Bö M 284/8°,Bö M 284/8°,Primordia superioritatis territorialis Saxonicae ex antiquis Saxonum et Francorum rebus erta ... : , : ,"[4] ungezählte Seiten, 124 Seiten",,,,,,,,,,1,02,,,
L-1556-181303035,100399203X,Bö M 302/8°,Aal,DBSM/M/Bö,Bö M 302/8°,Bö M 302/8°,"Dn. Vdalrici Zasii ivreconsvlti Fribvrgen. in vsvs fevdorvm epitome, ordine et vtilitate commendabilis : Eiusdem orationes aliquot disertae, tum in la", : ,"24 ungezählte Seiten, 231 Seiten",,,,,,,,,,1,02,,,
L-1575-181283964,1003973302,Bö M 305,,,,,,,,,,,,,,,,,,,,,
L-1523-18111612X,1003867197,Bö M 314/8°,Aal,DBSM/M/Bö,Bö M 314/8°,Bö M 314/8°,"Cl. Claudiani Opera qvam diligentissime castigata, qvorum indicem in seqventi pagina reperies : ", : ,176 Blätter,,,,,,,,hist. Einbd.,,1,02,,,
L-1548-315486996,1066956294,Bö M 315,,,,,,,,,,,,,,,,,,,,,
L-1575-181116030,1003867146,Bö M 316/8°,Aal,DBSM/M/Bö,Bö M 316/8°,Bö M 316/8°,"Hercvlis Ciofani Svlmonensis in P. Ovidii Nasonis Metamorphosin ex XVII antiquis libris : Observationes, quibus loci quampluri & emendantur, & aliorum", : ,"[20], 223, [22] S.",,,,,,,,Versteigerung der Bibliothek von Syston Park: Sotheby's 1884,,1,02,,,
L-1646-181141442,1003890725,Bö M 322,,,,,,,,,,,,,,,,,,,,,
L-1502-180649434,1003801404,Bö M 330/8°,Aal,DBSM/M/Boe,Bö M 330/8°,Bö M 330/8°,Casus longi super institutis  : , : ,95 ungezählte Blätter,,,,,,,,kollationiert,,1,02,,,
L-1695-181051753,1003824404,Bö M 331/8°,Aal,DBSM/M/Bö,Bö M 331/8°,Bö M 331/8°,"Calendarium Tyrnaviense ad annum Christi 1696 : bissextilem ad Meridianum Tyrnaviensem, ad Elevationem Poli 48. Graduum ;  in usum Hungariae, et vicin", : ,44 ungezählte Seiten,,,,,,,,hist. Einbd.,,1,02,,,
L-1580-181276259,1003965865,Bö M 332/8°,Aal,DBSM/M/Bö,Bö M 332/8°,Bö M 332/8°,"Ad invictissimvm, ac aeque gloriosissimum & sacratis. Monarcham, Diuu, D. Rvdolphvm II ... Vincentij Pistalocij ... in bellico ... contra immanissimum", : ,[30] Bl.,,,,,,,,"hist. Einbd., bez. Rudolphus II. Imp. Anno 1576, Plattenstempel VD: Rudolf II als Halbfigur von links, HD: Wappen. - Titel aus Langfassung gebild., evtl. fehlt e. Titelbl.",,1,02,,,
L-1580-315493844,1066963606,Bö M 335,Aaf,DBSM/M/Boe,Bö M 335,Bö M 335,Trostbuch|| von Aufferstehung der|| Todten/ ewigem Leben vnd Se=||ligkeit/ wider alle heßliche anblick vnd|| Fronfest des Todtes vnd ewi=||ger verdamn, : ,[267] Bl.,,,,,,,,,,1,02,,,
L-1567-315493828,1066963584,Bö M 339,,,,,,,,,,,,,,,,,,,,,
L-9999-181082586,1003853781,Bö M 341,,,,,,,,,,,,,,,,,,,,,
L-1587-181280027,1003969526,Bö M 361/8°,Aal,DBSM/M/Bö,Bö M 361/8°,Bö M 361/8°,"Epitheta Joannis Ravisii Textoris Nivernensis : Accesserunt De Prosodia, libri 4 ; Item, de Carminibus ad veterum imitationem .. collecta a Georgio Sa", : ,"134 Seiten, 2 ungezählte Seiten, 508 Seiten, 1 ungezählte Seite",,,,,,,,hist. Einbd,,1,02,,,
,,Bö M 371,,,,,,,,,,,,,,,,,,,,,
L-1527-315494239,1066964025,Bö M 379,Aaf,DBSM/M/Boe,Bö M 379,Bö M 379,"VITA|| HONESTA, SIVE VIRTV=||tis, quomodo quisq; uiuere debeat,|| omni aetate, omni tempore, et|| quolibet loco, erga deum|| et homnes.|| AVTORE HERMA", : ,[40] Bl.,,,,,,,,Rote u. blaue Rubrizierung,,1,02,,,
L-1842-423122320,1142569144,Bö M 394/8° - 1842,Af,DBSM/M/Bö,Bö M 394/8°,Bö M 394/8°,Das @Veilchen,25.1842 : Fünf und zwanzigster Jahrgang 1842,"33 ungezählte Blätter, 147 Seiten",,,,,,,,,,1,01,,,
L-1533-181139146,1003888380,Bö M 405/8°,Aal,DBSM/M/Bö,Bö M 405/8°,Bö M 405/8°,Jo[annis] Ferrarii Montani Annotationes in institutiones Justiniani : , : ,505 Seiten 31 ungezählte Seiten,,,,,,,,hist. Einbd,,1,02,,,
L-1512-286692783,1048070697,Bö M 428 - Fragm.,Aa,DBSM/M/Bö,Bö M 428 - Fragm.,Bö M 428 - Fragm.,Decretales d[omi]ni pape Gregorii noni : , : ,"Fo. IXXVIII; Lage bb [unvollst.], cc",,,,,,,,,,1,01,,,
