idn,akz,bbg,standort,signatur_g,signatur_a,jahr,titel,stuecktitel,f4243,f4256,f4241,f4105_9,f4105_g,ausleihcode,sig_komm,f4801_a,f4801_k,einrichtung,exemplar
999824015,L-1796-169506053,Aal,DBSM/F/Bö,Bö B I 42/4°,Bö B I 42/4°,1796,Lʹ @Arte di scrivere tratta dal Dizionario dʹarti e mestieri dellʹEnciclopedia metodica : , : ,,,,,,,,,,1,02
994698968,L-1818-157574970,Aal,DBSM/F/Bö,Bö B I 279,Bö B I 279,1818,"Elementos teórico-prácticos del arte de escribir por principios con las reglas generales, y particulares del carácter bastardo español : Dispuestas su", : ,,,,,,,,,,1,02
998959685,L-1777-167259407,Aal,DBSM/F/Bö,Bö B I 294,Bö B I 294,1777,"Arte de escribir, ortografia de la pluma y honra de los profesores de este magisterio : obra dividida en XII. dialogos eruditos ...", : ,,,,,,,,,,1,02
1001314530,L-1708-174156588,Aal,DBSM/F/Bö,Bö B I 298,Bö B I 298,1708,"Der @wohl=erfahrne In allerhand ungemein-Curieusen Schreib-Arten auch sowol ergötzlichen als Sinn-reichen Gemüths-Übungen Anweisende Schreib Künstler,", : ,,,,,,,,,,1,02
994252668,L-1722-154872350,Afl,DBSM/F/Bö,Bö B I 305/2°,Bö B I 305/2°,1722,"[Nova Escola para aprender a ler, escrever et contar","[Pt. 1.] : Exercicio o louvor das letras, que o mundo acclamatem na nobresa o melhor berço, aque illustrata a fama por mais sagrada y splendor",,,,,,,,"Taf. 44 m. Datum: 1718. - [s. Bonacini, Nr 65 - 66]",,1,02
993915078,L-1795-154003360,Aal,DBSM/F/Bö,Bö B I 306,Bö B I 306,1795,"Arte de escribir por reglas y sin muestras, establecido de orden superior en los Reales Sitios de San Ildefonso y Valsain despues de haberse experimen", : ,,,,,,,,In zeitgenöss. Einbd,,1,02
99406280X,L-1647-154450324,Aal,DBSM/F/Bö,Bö B I 311/4°,Bö B I 311/4°,1707,"Les @Écritures Financiere, Et Italienne-Bastarde Dans Leur Naturel ... : Avec Des Alphabets Et Pieces D'Écritures Des Nations Etrangeres", : ,,,,,,,,,,1,02
994120303,L-1770-154528331,Aal,DBSM/F/Bö,(Großformate),Bö B I 319/2°,1770,"Les @Agrémens de l'Écriture Moderne, Ou Exposition du Gout actuel des François sur l'Art d'Écrire : Dédié à Monsiur le Marquis de Thiboutos", : ,,,,,,,,,,1,02
994227140,L-1743-154844934,Aal,DBSM/F/Bö,Bö B I 323,Bö B I 323,1743,"The @Universal Penman : Or the art of writing made useful to the gentleman and scholar, as well as the man of business ...", : ,,,,,,,,enthielt vor der Komplettrestaurierung (ca. 1970er Jahre) ein eingekl. herald. adlig. Kupf. Exlibris,,1,02
994248199,L-1732-154867489,Aal,DBSM/F/Bö,Bö B I 324,Bö B I 324,1732,Les @elemens ou premières instructions de la jeunesse : , : ,,,,,,,,,,1,02
99424603X,L-1732-15486515X,Aal,DBSM/F/Bö,Bö B I 324 a,Bö B I 324 a,1732,Nouveaux exemplaires d'Écriture d'vne beauté Singuliere Ecrits par Estienne de Blegny Me Écriuain à Paris Iuré expert Étably pour Verifier les Écritur, : ,,,,,,,,Taf.-Nr. z.T. weggeschnitt.; Taf. 40 m. Textschluß fehlt,,1,02
994377800,L-1766-155561243,Aal,DBSM/F/Bö,Bö B I 329/4°,Bö B I 329/4°,1766,Vorschrift :||Zu nutzlicher Nach-||-ahmung und einer|| fleißigen Ubung zu gutem|| vorgestellt und geschrieben : , : ,,,,,,,,Zeitgen. Pappbd a. süddt. goldgeprägt. Buntpapier,,1,02
994405464,L-1799-155716743,Aal,DBSM/F/Bö,Bö B I 331/4°,Bö B I 331/4°,1799,Butterworth's|| Universal Penman|| Or The|| Beauties of Writing Delineated|| In all the various hands now practised.|| Designed|| For The ||Improvemen, : ,,,,,,,,,,1,02
994698852,L-1829-15757489X,Aal,DBSM/F/Bö,Bö B I 334,Bö B I 334,1829,"Metodo di G. Carstairs, falsamente chiamato metodo Americano ossia l'arte d'imparare a scrivere o migliorare la scrittura in poche lezioni : ", : ,,,,,,,,,,1,02
994521820,L-1758-156363704,Aal,DBSM/F/Bö,Bö B I 338/4°,Bö B I 338/4°,1758,Practical and ornamental Penmanship : a new copy book, : ,,,,,,,,,,1,02
994540655,L-1813-156399652,Aal,DBSM/F/Bö,Bö B I 343/4°,Bö B I 343/4°,1813,Nuova Raccolta di diversi caratteri scritti da Angelo Cominotti in Livorno : , : ,,,,,,,,,,1,02
994578091,L-1559-15687587X,Aal,DBSM/F/Bö,Bö B I 345,Bö B I 345,1559,La|| @Vera Maniera|| del Scriver Corsivo|| Cancellaresco : , : ,,,,,,,,S. 32 handschr. dat.: Romae ... 1559,,1,02
994643454,L-1588-157184129,Afl,DBSM/F/Bö,Bö B I 349,Bö B I 349,1588,La @notomia delle Cancellaresche corsiue & altre Maniere di Lettere,2 : ,,,,,,,,"Taf. 2, 14 u. 37 fehlen",,1,02
994643535,L-1593-157184188,Afl,DBSM/F/Bö,Bö B I 349,Bö B I 349,1593,La @notomia delle Cancellaresche corsiue & altre Maniere di Lettere,3. : Il Teatro delle Cancellaresche corsiue per Secretari et altre maniere di Lettere,,,,,,,,"Taf. 2, 5 u. 38 fehlen",,1,02
994693214,L-1772-157568458,Aal,DBSM/F/Bö,Bö B I 351 a/2°,Bö B I 351 a/2°,1772,Ammaestramenti Teorieopratici Indirizzati ad agevolare il modo d'imparare da per se La Scrittura Moderna : , : ,,,,,,,,Ausg. ohne Portr.,,1,03
994693214,L-1772-157568520,Aal,DBSM/F/Bö,Bö B I 351 b/2°,Bö B I 351 b/2°,1772,Ammaestramenti Teorieopratici Indirizzati ad agevolare il modo d'imparare da per se La Scrittura Moderna : , : ,,,,,,,,,,1,04
994693214,L-1772-157568423,Aal,DBSM/F/Bö,Bö B I 351/2°,Bö B I 351/2°,1772,Ammaestramenti Teorieopratici Indirizzati ad agevolare il modo d'imparare da per se La Scrittura Moderna : , : ,,,,,,,,Ausg. ohne Portr.,,1,02
995118566,L-1719-158797752,Aal,DBSM/F/Bö,(Großformate),Bö B I 352/2,1719,Le @Trésor|| Des Novvelles|| Escritures de Finances|| et Italiennes bastardes|| A la Mode|| Auec les belles Instructions &|| Secrets dudit Art|| Dedié, : ,,,,,,,,,,1,02
996389113,L-1797-162081979,Aal,DBSM/F/Bö,Bö B I 361/2°,Bö B I 361/2°,1797,Alfabeto di Lettere Iniziali Adorno Di Animali e proseguito Da Vaga Serie Di Caratteri : , : ,,,,,,,,,,1,02
997039620,L-1820-163256535,Afl,DBSM/F/Bö,Bö B I 365/4° - 3,Bö B I 365/4° -3,1820,Musterblätter für Liebhaber der höhern Kaligraphie,H. 3 : ,,,,,,,,,,1,02
997039345,L-1820-163256233,Afl,DBSM/F/Bö,Bö B I 365/4° - 1,Bö B I 365/4° - 1,1820,Musterblätter für Liebhaber der höhern Kaligraphie,H. 1 : ,,,,,,,,,,1,02
997039469,L-1820-163256357,Afl,DBSM/F/Bö,Bö B I 365/4° - 2,Bö B I 365/4° - 2,1820,Musterblätter für Liebhaber der höhern Kaligraphie,H. 2 : ,,,,,,,,,,1,02
997140933,L-1798-16342294X,Afl,DBSM/F/Bö,Bö B I 368/4°,Bö B I 368/4°,1798,"Anleitung zur Schönschreibkunst vom Schreibmeister Joseph Anton Heß, Würzburg",H. 1 : ,,,,,,,,,,1,02
997141042,L-1798-163423059,Afl,DBSM/F/Bö,Bö B I 368/4°,Bö B I 368/4°,1798,"Anleitung zur Schönschreibkunst vom Schreibmeister Joseph Anton Heß, Würzburg",H. 2 : ,,,,,,,,,,1,02
997141115,L-1798-163423180,Afl,DBSM/F/Bö,Bö B I 368/4°,Bö B I 368/4°,1798,"Anleitung zur Schönschreibkunst vom Schreibmeister Joseph Anton Heß, Würzburg",H. 3 : ,,,,,,,,,,1,02
997141247,L-1799-163423369,Afl,DBSM/F/Bö,Bö B I 368/4°,Bö B I 368/4°,1799,"Anleitung zur Schönschreibkunst vom Schreibmeister Joseph Anton Heß, Würzburg",H. 4 : ,,,,,,,,,,1,02
997141360,L-1799-163423520,Afl,DBSM/F/Bö,Bö B I 368/4°,Bö B I 368/4°,1799,"Anleitung zur Schönschreibkunst vom Schreibmeister Joseph Anton Heß, Würzburg",H. 5 : ,,,,,,,,,,1,02
997141425,L-1799-163423601,Afl,DBSM/F/Bö,Bö B I 368/4°,Bö B I 368/4°,1799,"Anleitung zur Schönschreibkunst vom Schreibmeister Joseph Anton Heß, Würzburg",H. 6. : ,,,,,,,,,,1,02
997241047,L-1820-163537127,Aal,DBSM/F/Bö,Bö B I 371,Bö B I 371,1820,An @Introduction to writing and grammar : , : ,,,,,,,,Im alt. Broschurumschlag. - Taf. 1 sign.: J. Hodgkin script,,1,02
998631450,L-1830-166610070,Aal,DBSM/F/Bö,Bö B I 388,Bö B I 388,1830,Cinquanta tavole alfabetiche che formano un curso di calligrafia interessante a qualunque classe di persone : , : ,,,,,,,,,,1,02
998553425,L-1752-166480266,Aal,DBSM/F/Bö,Bö B I 390,Bö B I 390,1752,"Nouveau Livre d'Écriture pour apprendre de soimême à écrire, à dresser des mémoires de depense et autres et la nouvelle manière de dresser des Lettres", : ,,,,,,,,Bl. 14 fehlt!,,1,02
999198246,L-1775-16770382X,Aal,DBSM/F/Bö,Bö B I 397,Bö B I 397,1775,"Anleitung zur Schönschreibekunst, mit gnädigster Freiheit Seiner Hochfürstln Durchlt Hern Ludwigs des IXten regierenden Landgrafen zu Hessen-Darmstatt", : ,,,,,,,,,,1,02
999398075,L-1800-168292319,Aal,DBSM/F/Bö,(Großformate),Bö B I 405/2°,1797,Principes de lʹ Écriture : , : ,,,,,,,,,,1,02
999590898,L-1601-168582546,Afl,DBSM/F/Klemm,Bö B I 408,Bö B I 408,1601,"Schreibkunst, Das erste Theil [bezw.:] Das ander Theil ... Durch|| Antonium Newdörfer Rechenmaister vnd|| Modist der Statt Nurnberg","1. : Inn|| Welchem die künstliche Außtheil-||ung des gantzen Kils, Temperierung vn[d]|| Proportionierung desselben, auch wie|| man die Feder recht fassen sol. Nachmals:|| der Grund des zierlichen Teutschen Schreibenß|| vfs klerlichtst angezeigt",,,,,,,,,,1,02
999591398,L-1601-168582988,Afl,DBSM/F/Bö,Bö B I 408,Bö B I 408,1601,"Schreibkunst, Das erste Theil [bezw.:] Das ander Theil ... Durch|| Antonium Newdörfer Rechenmaister vnd|| Modist der Statt Nurnberg","2. : ... Begreifft in sich|| Neun vnd zwaintzig schöne|| Teutsche VersalAlphabet,|| allerley manier, ...",,,,,,,,,,1,02
99974187X,L-1766-169081966,Aal,DBSM/F/Bö,Bö B I 411,Bö B I 411,1770,"Tratado del origen, y arte de escribir bien: ilustrado con veinte y cinco laminas : Obra utilisima para que asi maestros, como discipulos, y quantos s", : ,,,,,,,,,,1,02
999823469,L-1765-169505510,Afl,DBSM/F/Bö,Bö B I 413/2°,Bö B I 413/2°,1765,Art dʹEcrire réduit à des démonstrations vraies et faciles,T. 2 : ,,,,,,,,,,1,02
999826239,L-1540-169508250,Aal,DBSM/F/Bö,Bö B I 415,Bö B I 415,1540,"Libro Nvovo Da|| Imparare A Scrivere Tvtte|| Sorte Lettere Antiche Et Moderne|| Di Tvtte Nationi, con Nvove|| Regole, Misvre|| Et Essempi|| Con vn bre", : ,,,,,,,,,,1,02
999827464,L-1545-169509362,Aal,DBSM/F/Bö,Bö B I 417,Bö B I 417,1545,"Libro Di M. Giovambattista|| Palatino Cittadino Romano|| Nel qual sʹinsegna a scriuere ogni sorte lettera, antica, & moder||na, di qualunque natione, ", : ,,,,,,,,Bog. H. m. Kolophon fehlt. - Das vorlieg. Ex. ist aus 2 verschied. Druckausgaben der erweit. Ausg. von 1545 zs. gestellt; denn Bl. 31 u. 33 sind bei verschiedener Bogensignatur Wiederholungen vom gleichen Holzstock,,1,02
999828193,L-1548-16951014X,Aal,DBSM/F/Bö,Bö B I 418,Bö B I 418,1548,"Libro Di M. Giovanbattista|| Palatino Cittadino Romano,|| nel qual sʹinsegna à Scriuere ogni lettera, Anti||ca, et Moderna, di qualunque natione, con ", : ,,,,,,,,"Es fehlen: B3, 6; C4-6; D2-3, 6-7; E1, 4-5, 8; F2,7; G3-6, 8",,1,02
999953133,L-1693-169765539,Aal,DBSM/F/Bö,Bö B I 430/4°,Bö B I 430/4°,1693,"[Schriftvorlagen] : [Sammelband, wahrscheinlich aus einer Ausgabe des ""Exemplaarboeck"" zsgest. Taf. z.T. sign.:] ""A. Perling scripts. et sculpt"" ; [Ta", : ,,,,,,,,,,1,02
999953575,L-1685-169765989,Aal,DBSM/F/Bö,Bö B I 431 (Großformate),Bö B I 431,1685,"Groote en kleene Voorbeelden van Latynse, Italiaanse, Romeynse Naam en Getal-Letteren, seer dienstig voor Schilders, Merk, Letter en Wapensnyders : ", : ,,,,,,,,,,1,02
1000041611,L-1620-169916529,Aal,DBSM/F/Bö,Bö B I 437,Bö B I 437,1620,Essempij del Pisenti : Lʹidea del vero scrivere cancellaresco e corsivo de scrittori diversi, : ,,,,,,,,"Angeb.:1 Bl. orig. Federzeichng, kalligraph., mit Widmg für Lorenzo Zanzini, Parma, unterzeichn.: Rossi: [ca. 17. Jh.]",,1,02
1000651371,L-1758-170985369,Aal,DBSM/F/Bö,(Großformate),Bö B I 445/2°,1758,Le @Grand-Art|| dʹécrire|| Necessaire à ceux qui veulent se perfectionner dans cette Science|| ... dedié|| Aux Enfans de France|| : , : ,,,,,,,,,,1,02
1000711277,L-1820-180349104,Afl,DBSM/F/Bö,Bö B I 446 - 1,Bö B I 446 - 1,1820,Systematische Anweisung zum Schön- und Geschwindschreiben und zur Prüfung deutscher Hand- und Druckschriften,Teil 1. : ,,,,,,,,,,1,03
1003598099,L-1793-180266608,Afl,DBSM/F/Bö,Bö B I 446 (Großformate),Bö B I 446 - 1.Tafelbd.,1793,Systematische Anweisung zum Schön- und Geschwindschreiben und zur Prüfung deutscher Hand- und Druckschriften,"Tafelbd., Teil 1 : , Systematische Anweisung zum Schönschreiben",", ",,,,,,,"Tit. sign.: Schurich inv., C. F. Holtzmann fecit",,1,02
1003621309,L-1818-180349376,Afl,DBSM/F/Bö,Bö B I 446 - 3,Bö B I 446 - 3,1818,Systematische Anweisung zum Schön- und Geschwindschreiben und zur Prüfung deutscher Hand- und Druckschriften,"Teil 3. : Anweisung, die deutsche Sprache nach d. rein hochdt. Mundart richtig auszusprechen u. zu schreiben",,,,,,,,,,1,02
1003621716,L-1817-180349856,Afl,DBSM/F/Bö,Bö B I 446,Bö B I 446 - 3 (angebunden),1817,Systematische Anweisung zum Schön- und Geschwindschreiben und zur Prüfung deutscher Hand- und Druckschriften,"Teil 3., Nachtr. [1] : Anweisung, die deutsche Sprache nach d. rein hochdt. Mundart richtig auszusprechen u. zu schreiben, ",", ",,,,,,,,,1,02
1003621880,L-1821-180350021,Afl,DBSM/F/Bö,Bö B I 446 - 3 (angebunden),Bö B I 446 - 3 (angebunden),1821,Systematische Anweisung zum Schön- und Geschwindschreiben und zur Prüfung deutscher Hand- und Druckschriften,"Teil 3., Nachtr. [2] : Anweisung, die deutsche Sprache nach d. rein hochdt. Mundart richtig auszusprechen u. zu schreiben, Fortsetzung des Nachtrages zum dritten Theile des systematisch-kalligraphischen und orthographischen Werkes",", ",,,,,,,,,1,02
1000714128,L-1741-171054784,Aal,DBSM/F/Bö,(Großformate),Bö B I 447/2°,1741,Lʹ @Art d'Écrire|| Nouvellement mis au jour|| : Sur les differens Caractères les plus usitez||, : ,,,,,,,,,,1,02
1000778924,L-1785-171143485,Aal,DBSM/F/Bö,(Großformate),Bö B I 448/2°,1785,Démonstrations de lʹArt dʹÉcrire : , : ,,,,,,,,,,1,02
999822446,L-1760-169504352,Aal,DBSM/F/Bö,Bö B I 449/2°,Bö B I 449/2°,1760,"Alphabets mineurs: Ronde, Batardes, Coulée : [Schreibvorlage]", : ,,,,,,,,,,1,02
1000784134,L-1731-171148738,Qd,DBSM/F/Bö,Bö B I 449/2°,Bö B I 449/2°,1731,Vorschriften : [Zusammenstellung aus verschiedenen Schreibvorlagenbüchern], : ,,,,,,,,,,1,02
1001719972,L-1760-17544434X,Aal,DBSM/F/Bö,(Großformate),Bö B I 449/2°,1760,"[Schreibvorlagen] : Liverloz, Baillieul graveur, Lz, Bl", : ,,,,,,,,,,1,02
1000778169,L-1767-171142772,Aal,DBSM/F/Bö,(Großformate),Bö B I 450/2°,1784,Le @Grand Art dʹÉcrire Par les meilleurs Maîtres : avec Principes et Démonstrations des diverses Écritures actuelement en usages ; orné de Pieces dʹHi, : ,,,,,,,,,,1,02
100087186X,L-1789-171306473,Aal,DBSM/F/Bö,(Großformate),Bö B I 451/2°,1789,[Lʹ @Écriture démontrée : , : ,,,,,,,,Kupf. Tit. fehlt,,1,02
1000942589,L-1644-171709489,Aal,DBSM/F/Bö,Bö B I 455,Bö B I 455,1640,Fiori di letere Cancellaresche Moderne : , : ,,,,,,,,,,1,02
1001315340,L-9999-174157363,Aal,DBSM/F/Bö,Bö B I 461,Bö B I 461,1600,[Kalligraphische Schreibvorlagen : Niederlande 17. Jahrhundert], : ,,,,,,,,,,1,02
1001471156,L-1756-17495347X,Aal,DBSM/F/Bö,Bö B I 462/2°,Bö B I 462/2°,1756,"Joannis Georgii|| Schwandneri|| Austriaci Stadelkirchensis|| Dissertatio|| Epistolaris|| De|| Calligraphiae|| Nomenclatione,|| Cultu,|| Praestantia,||", : ,,,,,,,,,,1,02
100152344X,L-1669-175049025,Aal,DBSM/F/Bö,(Großformate),Bö B I 469/2°,1669,Les @rares Escritvres Financieres et Italiennes bastardes Novvellement A La Mode ; avec vn Abrege Contenant des instructions tres facilles pour appren, : ,,,,,,,,,,1,02
1001523482,L-1667-175049084,Aal,DBSM/F/Bö,(Großformate),Bö B I 470/2°,1667,Exemples De nouuelles Escritures de Finances et Italienne bastarde Comme elles doiuent estre pratiquées par ceux qui aspirent aux Employs et commissio, : ,,,,,,,,,,1,02
1001552482,L-1789-175086788,Afl,DBSM/F/Bö,Bö B I 472/2°,Bö B I 472/2°,1789,Reflexîones sobre la verdadera arte de escribir,1 : ,,,,,,,,,,1,02
1001552733,L-1789-175087016,Afl,DBSM/F/Bö,Bö B I 472/2°,Bö B I 472/2°,1789,Reflexîones sobre la verdadera arte de escribir,[2] : ,,,,,,,,Taf. 76 fehlt in d. Nrnfolge!,,1,02
1001487680,L-1705-174985053,Aal,DBSM/F/Bö,Bö B I 474/2°,Bö B I 474/2°,1705,"The @Penman's Magazine:|| Or, A|| New Copy-Book,|| Of the English, French and Italian|| Hands,|| After the Best Mode; Adorn'd with about an Hundred Ne", : ,,,,,,,,In zeitgen. Buntpapierumschl.,,1,02
100226667X,L-1668-176918574,Aal,DBSM/F/Bö,Bö B I 489,Bö B I 489,1668,"Le @Meraviglie Della Penna, Conchivdenti in diuersi modi di scriuere delineati, et intagliati : con licenta deʹ Superiori", : ,,,,,,,,,,1,02
1002266858,L-1680-176918728,Aal,DBSM/F/Bö,Bö B I 490,Bö B I 490,1680,La @uera Regola dello scriuere : vtile à Giouani, : ,,,,,,,,,,1,02
1002488575,L-1777-177418761,Aal,DBSM/F/Bö,Bö B I 492/4°,Bö B I 492/4°,1777,"The|| @Beauties of Writing,|| Exemplified in a Variety of Plain and : ", : ,,,,,,,,,,1,02
1002456193,L-1744-177387106,Afl,DBSM/F/Bö,Bö B I 497,Bö B I 497,1744,"Gründliche Unterweisung in der so nöthig als nützlichen Schreibe-Kunst, ...",[1] : ,,,,,,,,Teil 1-4 in einem Band,,1,02
1002456312,L-1744-177387246,Afl,DBSM/F/Bö,Bö B I 497,Bö B I 497,1744,"Gründliche Unterweisung in der so nöthig als nützlichen Schreibe-Kunst, ...",2 : ,,,,,,,,Teil 1-4 in einem Band,,1,02
1002457009,L-1744-177387912,Afl,DBSM/F/Bö,Bö B I 497,Bö B I 497,1744,"Gründliche Unterweisung in der so nöthig als nützlichen Schreibe-Kunst, ...",3 : ,,,,,,,,Teil 1-4 in einem Band,,1,02
1002457513,L-1747-177388404,Afl,DBSM/F/Bö,Bö B I 497,Bö B I 497,1747,"Gründliche Unterweisung in der so nöthig als nützlichen Schreibe-Kunst, ...","4. : Von der Delineation, Proportion, Expreßion, Licht und Schatten, ... Ehemals in französ",,,,,,,,Teil 1-4 in einem Band,,1,02
1004800959,L-1620-182914232,Afl,DBSM/F/Bö,Bö B I 499/4,Bö B I 499/4,1620,Duytsche exemplaren van alderhande gheschriften,[Deel 1] : ,,,,,,,,,,1,02
1005264414,L-9999-184157013,Afl,DBSM/F/Bö,Bö B I 499/4,Bö B I 499/4,1622,Duytsche exemplaren van alderhande gheschriften,Deel 3. : Het Derde Deel der Duytscher ende Franscher Scholen Exemplaer-boeck,,,,,,,,,,1,02
1002689872,L-1621-17784387X,AFl,DBSM/F/Bö,Bö B I 499/4°,Bö B I 499/4°,1621,"Thresor Literaire, contenant Plusieurs diverses Escritures, les plus usitées és Escoles Francoyses des Provinces unies du Pays-bas : Escrit ...", : ,,,,,,,,,,1,02
1066940584,L-1830-31546836X,Aaf,DBSM/F/Bö,Bö B I 503,Bö B I 503,1830,"Le @scritture francesi, italiane, ed inglesi nella loro perfezione : cavate dagli esemplari de' migliori maestri delle tre nazioni", : ,,,,,,,,,,1,02
1002661714,L-1672-177815825,Aal,DBSM/F/Bö,Bö B I 504,Bö B I 504,1672,Exemplaer boeck : Inhoudende de noodtwendichste Schriften voor de Jeucht seer dienstich, : ,,,,,,,,"Vorbes. Eintrg: Josua van Heel, 1795. - Auf d. 3. vord. Vorsatz hs. Widmg d. Schreiblehrers d. Lateinschule zu Hertzogenbosch, A. Werner, für d. Schüler Hermanus Ackersdyck, 2.5.1678. - Pergmtbd d. Zt m. Superexlibris auf beid. Deckeln",,1,02
1002797225,L-1587-178175307,Aal,DBSM/F/Bö,Bö B I 505,Bö B I 505,1587,Il @primo Libro delli essempi : , : ,,,,,,,,,,1,02
993908063,L-1776-162843321,Aal,DBSM/F/Bö,Bö B I 506,Bö B I 506,1776,"Vollkommene Gründ- und Regulmäßige Anweisung zur Schön-Schreib-Kunst, darinnen man... die Current- Canzley- und Fractur-Schrifften- ingleichen auch di", : ,,,,,,,,Nur d. Fraktur-Initial-Alphabet ist. vorh.,,1,03
1000444562,L-1794-170642828,Aal,DBSM/F/Bö,Bö B I 507,Bö B I 507,1794,Verzeichniss deutscher Buchstaben nach der Etymologie bis zur Calligraphie neu entworfen von einem sehr berühmten und in diesem Sache wohl erfahrnen M, : ,,,,,,,,,,1,02
1002859336,L-1522-178262609,Aal,DBSM/F/Bö,Bö B I 508,Bö B I 508,1522,"La @Operi||na|| di Ludouico Vicentino, da|| imparareʹ di|| scriue=||reʹ : ", : ,,,,,,,,"Handeinbd. in rot. Maroquin écrasé, sign. v. franz. Meisterfirma Chambolle-Duru (1861-1915)",,1,02
1002859336,L-1522-178397555,Aal,DBSM/F/Bö,Bö B I 509,Bö B I 509,1522,"La @Operi||na|| di Ludouico Vicentino, da|| imparareʹ di|| scriue=||reʹ : ", : ,,,,,,,,Restauriertes Ex.,,1,03
1002859336,L-1522-178397849,Aal,DBSM/F/Bö,Bö B I 510,Bö B I 510,1522,"La @Operi||na|| di Ludouico Vicentino, da|| imparareʹ di|| scriue=||reʹ : ", : ,,,,,,,,Restaur. a. ob. Rand. aber kein Text verdeckt,,1,04
1002858550,L-1523-178261874,Aal,DBSM/F/Bö,Bö B I 511,Bö B I 511,1523,Il @modo temperare le|| Penne|| con le uarie Sorti de littere|| ordinato : , : ,,,,,,,,,,1,02
1002891205,L-1525-178399337,Aal,DBSM/F/Bö,Bö B I 512,Bö B I 512,1525,"La @Operi||na|| di Ludouico Vicentino, da|| imparare di|| scriue=||re|| littera Can=||cellares=||cha||. Con molte altre noue littere agiunte, et una b", : ,,,,,,,,,,1,02
1002894832,L-1755-178402966,Aal,DBSM/F/Bö,Bö B I 514,Bö B I 514,1755,"Der|| @Cantzleymäßige|| und|| Geographische|| Schreibe-Schüler|| so wohl in|| Städten als auf dem Lande,|| gefertiget und herausgegeben|| : ", : ,,,,,,,,,,1,02
1003200567,L-1700-179234773,Aal,DBSM/F/Bö,Bö B I 517,Bö B I 517,1700,"Gründliches Vorschrifftlein,|| für|| die anfahende Jugend, in welchen das gantze|| ABC, durch alle Titul geübet werden muß|| : ", : ,,,,,,,,,,1,02
1003171788,L-1780-178922358,Afl,DBSM/F/Bö,Bö B I 519,Bö B I 519,1780,"Allgemeine Anweisung der neuesten Schönschreibkunst des Johann Gottfried Weber. Für d. Jugend hohen u. niederen Standes, desgl. f. andere Liebhaber ei",[Bd. 1.] : ,,,,,,,,,,1,03
1003171567,L-1780-182434990,Afl,DBSM/F/Bö,Bö B I 520,Bö B I 520,1784,"Allgemeine Anweisung der neuesten Schönschreibkunst des Johann Gottfried Weber. Für d. Jugend hohen u. niederen Standes, desgl. f. andere Liebhaber ei",Nachtr. : ,,,,,,,,,,1,03
1003146600,L-1787-178818011,Aal,DBSM/F/Bö,Bö B I 522,Bö B I 522,1787,Round Text Copies : with a set of Roman ciphers for marking goods, : ,,,,,,,,,,1,02
1003623514,L-1559-180351710,Aal,DBSM/F/Bö,Bö B I 525,Bö B I 525,1559,"Libro svbtilissimo, por el qual se enseña a escreuir y contar perfectamente el cual lleua el mesmo horden que 11eua vn maestro con su discipulo Hecho ", : ,,,,,,,,,,1,02
1003651798,L-1605-180389939,Aal,DBSM/F/Bö,Bö B I 526,Bö B I 526,1605,Nouo Modo di Scriuere Cancellaresco Corsiuo Moderno : Libro primo, : ,,,,,,,,Mit eingekl. farb. herald. Exlibris,,1,02
998025399,L-1781-165453893,Aal,DBSM/F/Bö,Bö B I 527,Bö B I 527,1781,Vorübungen in der Kalligraphie : , : ,,,,,,,,Pergmtbd. m. fürstl. Superexlibris in Vergoldg.,,1,02
1000112233,L-1563-170015858,Aal,DBSM/F/Bö,Bö B I 529,Bö B I 529,1563,"De furtivis literarum notis, vulgo de ziferis libri 4 : ", : ,,,,,,,,,,1,02
99409051X,L-1661-154496189,Aal,DBSM/F/Bö,Bö B I 532,Bö B I 532,1661,"Character, pro notitia linguarum universali : Inventum steganographicum hactenus inauditum quo quilibet suam legendo vernaculam diversas imò omnes lin", : ,,,,,,,,,,1,02
99558690X,L-1560-16023820X,Aal,DBSM/F/Bö,Bö B I 537,Bö B I 537,1560,Della nuova Inventione della vera scienza delle cifre : , : ,,,,,,,,Papier m. Wasserzeichen: herald. Lilie in Kreis,,1,02
997334037,L-1620-163679193,Aal,DBSM/F/Bö,Bö B I 543,Bö B I 543,1620,Polygraphie ou methode universelle de l'escriture cachée: avec les tables et figures concernants l'effect et l'intelligence d'icelle : , : ,,,,,,,,,,1,02
999886444,L-1797-169617831,Afl,DBSM/F/Bö,Bö B I 548,Bö B I 548,1797,"Pasigraphie, ou premiers élémens du nouvel art-science d'écrire et d'imprimer en une langue de manière à être lu et entendu dans toute autre langue sa",1 : ,,,,,,,,,,1,02
999886479,L-1979-169617874,Afl,DBSM/F/Bö,Bö B I 548,Bö B I 548,1797,"Pasigraphie, ou premiers élémens du nouvel art-science d'écrire et d'imprimer en une langue de manière à être lu et entendu dans toute autre langue sa",2 : ,,,,,,,,,,1,02
994029276,L-1719-154309494,Aal,DBSM/F/Bö,Bö B III 143/4°,Bö B III 143/4°,1719,"Arte nuevo de escribir por preceptos geometricos, y reglas mathematicas : ", : ,,,,,,,,"insg. 41 Kupfertafeln, gezählt am 3.4.2017",,1,02
1001306082,L-1679-174114281,Aal,DBSM/F/Bö,Bö B III 144,Bö B III 144,1679,Der @Curiose Schreiber : Von allerley künstlichen und erdencklichen Arthen zu schreiben/ Itzt Mit vielen andern Raritäten/ auch Figuren die Proportion, : ,,,,,,,,"Vorbes. Eintrag: E. Jacobsen, kgl. Hofbeamter, Kopenhagen 14.3.1813",,1,02
1002571642,L-1535-177605987,Aal,DBSM/F/Bö,Bö B III 152,Bö B III 152,1535,"Thesavro De Scrit=||tori|| : opera artificiosa laquale con grandissima arte, si per pratica|| come per geometria insegna a Scruere diuerse sorte litte", : ,,,,,,,,Tit . u. Bl. A2 m. etwas Textverlust,,1,02
999592254,L-1538-16858381X,Hal,DBSM/F/Bö,Bö H 146,Bö H 146,1538,"Ein @gute Ordnung vnnd Kurtze vnnterricht der|| fürnembsten grunde aus denen die Jungen Zierlichs|| schreibens begirlich mit besonnderer, kunst vnd be", : ,,,,,,d,,"Erworben aus: Catalogue de livres rares et précieux composant la bibliotheque de M. Hippolyte Destailleur, architecte du gouvernement. Paris, 1891. No. 877. - Mit Exlibris v. Hippolyte Destailleur (bei Restaurierung beseitigt). - Bl. 20 m. Textverlust; Bl. 21 leer",,1,02
1205037268,L-2020-302133,Aa,DBSM/F/Klemm,Caa 564,Caa 564,1758,"Paleografía Espanõla, : que contiene todos los modos conocidos, que ha habido de escribir en España, desde su principio, y fundacion, hasta el present", : ,,,,,,,,,,1,02
986026832,L-2007-324966,Af,DBSM/F/Klemm,Cb 1,Cb 1,1737,Michael Baurenfeinds Vollkommene Wieder-Herstellung der bißher sehr in Verfall gekommenen gründlich- u. zierlichen Schreib-Kunst ...,"Theil 2. : In welchem die rechten Fundamenta derer gebräuchlichsten modernen Schrifften compendiös und leicht begreifflich, zu jedermans Nutzen, Aushülffe und Nachahmung, mit Figuren in Punktis und Linien, deutlich vorgestellet, demonstriret und verschiedene Hand-Griffe und Vortheile angezeiget und gewiesen werden",,,,,,,,,,1,02
1066933804,L-1748-315461861,Aaf,DBSM/F/Klemm,Cb 2,Cb 2,1748,H. B. K. und J. G. V. Selbstlehrende Canzleymäßige Schreibe-Kunst : , : ,,,,,,,,,,1,02
999332031,L-1649-167930168,Afl,DBSM/F/Klemm,Cb 3,Cb 3,1649,Schreib-Stübelein ...,1 : ,,,,,,,,,,1,02
999332104,L-1649-167930222,Afl,DBSM/F/Klemm,Cb 3,Cb 3,1649,Schreib-Stübelein ...,2 : ,,,,,,,,,,1,02
999332171,L-1649-167930303,Afl,DBSM/F/Klemm,Cb 3,Cb 3,1649,Schreib-Stübelein ...,3 : ,,,,,,,,,,1,02
995812764,L-1553-160866332,Aal,DBSM/F/Klemm,Cb 5,Cb 5,1553,"Ein @nutzlich und wolgegrundt Formular, manncherley schöner Schriefften, als teutscher, lateinischer, griechischer unnd hebray͏̈scher Buchstaben, samp", : ,,,,,,,,,,1,02
999212214,L-1782-167732293,Afl,DBSM/F/Klemm,Cb 6,Cb 6,1782,"Liber artificiosus alphabeti maioris, oder: neu inventirtes Kunst-Schreib -und Zeichenbuch, bestehend in 56 künstlich gravirten Kupferstichen, nebst b",1 : ,,,,,,,,,,1,02
999212273,L-1785-167732366,Afl,DBSM/F/Klemm,Cb 6,Cb 6,1785,"Liber artificiosus alphabeti maioris, oder: neu inventirtes Kunst-Schreib -und Zeichenbuch, bestehend in 56 künstlich gravirten Kupferstichen, nebst b",2 : ,,,,,,,,,,1,02
1000646203,L-1575-170980553,Aal,DBSM/F/Klemm,Cb 7,Cb 7,1575,"Capital- und Versal-Buech, allerhandt grosser und kleiner Alphabeth, zue den Haubtschrifften und Büechern, deß gleichen in Canntzleyen und gemein, zue", : ,,,,,,,,,,1,02
1000162397,L-1792-170112721,Aal,DBSM/F/Klemm,Cb 8,Cb 8,1792,Vollständige Anleitung zum Schreiben für die Landschulen : , : ,,,,,,,,,,1,02
994578148,L-1570-156875926,Afl,DBSM/F/Klemm,Cb 9,Cb 9,1570,Il @perfetto scrittore,1 : ,,,,,,,,,,1,02
994578180,L-1570-156875969,Afl,DBSM/F/Klemm,Cb 9,Cb 9,1570,Il @perfetto scrittore,2 : ,,,,,,,,,,1,02
994578180,L-2010-309938,Afl,DBSM/F/Klemm,Cb 9a,Cb 9a,1570,Il @perfetto scrittore,2 : ,,,,,,,,Nur Titelbl. u. Taf.,,1,03
999953923,L-1569-169766330,Aal,DBSM/F/Klemm,Cb 10,Cb 10,1569,"Exercitatio alphabetica nova et utilissima variis expressa linguis et characteribus : varis ornamentis, umbris, et recessibus, picturae, architecturae", : ,,,,,,,,,,1,02
100125600X,L-1764-173913997,Aal,DBSM/F/Klemm,Cb 11,Cb 11,1764,"Vorschriften zum Versuch, eine nach heutigen Geschmack eingerichtete ungezwungene Hand zu schreiben : ", : ,,,,,,,,,,1,02
1001872924,L-1741-175756104,Aal,DBSM/F/Klemm,Cb 12,Cb 12,1741,"Des ... @Johann Stäpsens in Leipzig, nach einer netten Dreßdner Hand eingerichtete Fundamental-Vorschriftten : ", : ,,,,,,,,,,1,02
993908063,L-1776-153970227,Aal,DBSM/F/Klemm,Cb 13,Cb 13,1776,"Vollkommene Gründ- und Regulmäßige Anweisung zur Schön-Schreib-Kunst, darinnen man... die Current- Canzley- und Fractur-Schrifften- ingleichen auch di", : ,,,,,,,,,,1,02
1066937931,L-1687-315465735,Aaf,DBSM/F/Klemm,Cb 14,Cb 14,1687,Tresoor van diuerssche curieuse gheschriften met haere fundamenten volghens t ghebruyck van desen tijdt : , : ,,,,,,,,,,1,02
993908454,L-1764-153970677,Aal,DBSM/F/Klemm,Cb 16,Cb 16,1764,"Muster einer ganz neuen schönen und regulmäßigen Schreib-Art, durch das ganze Alphabet, in Fractur, Canzley und Current, dann vielen veränderten Jügen", : ,,,,,,,,Börsenvereinsbibliothek Kriegsverlust,,1,02
1003171567,L-1780-178922080,Afl,DBSM/F/Klemm,Cb 17,Cb 17,1784,"Allgemeine Anweisung der neuesten Schönschreibkunst des Johann Gottfried Weber. Für d. Jugend hohen u. niederen Standes, desgl. f. andere Liebhaber ei",Nachtr. : ,,,,,,,,,,1,02
1003171788,L-1780-184489555,Afl,DBSM/F/Klemm,Cb 17,Cb 17,1780,"Allgemeine Anweisung der neuesten Schönschreibkunst des Johann Gottfried Weber. Für d. Jugend hohen u. niederen Standes, desgl. f. andere Liebhaber ei",[Bd. 1.] : ,,,,,,,,,,1,02
994377584,L-1729-155561057,Aal,DBSM/F/Klemm,Cb 18,Cb 18,1729,"Vorschrifft, deutsch und frantsösischer Lauff-Cantsley und Fractur-Schrifften auff die neuweste Manier der lehrbegierigen Jugend zu gutem : ", : ,,,,,,,,,,1,02
994118473,L-1619-154526304,Aal,DBSM/F/Klemm,Cb 19,Cb 19,1619,139 Kalligraphische Vorlagen in Original : , : ,,,,,,e,,Beschlagnahmt. - Alte Sig.: Cc 19,,1,02
993914918,L-9999-154003182,Aal,DBSM/F/Klemm,Cb 20,Cb 20,1555,Opera ... nelle quale si insegna a scrivere varie sorte di lettere : , : ,,,,,,,,,,1,02
1002571642,L-1535-177606118,Aal,DBSM/F/Klemm,Cb 21,Cb 21,1535,"Thesavro De Scrit=||tori|| : opera artificiosa laquale con grandissima arte, si per pratica|| come per geometria insegna a Scruere diuerse sorte litte", : ,,,,,,,,,,1,03
1002761042,L-1526-177933569,Afl,DBSM/F/Klemm,Cb 22,Cb 22,1527,Incipit liber primus [-quartus] elementorum litterarum Ioannis Baptiste de Verinis Florentini,1 : ,,,,,,,,,,1,02
1002761123,L-1526-17793364X,Afl,DBSM/F/Klemm,Cb 22,Cb 22,1527,Incipit liber primus [-quartus] elementorum litterarum Ioannis Baptiste de Verinis Florentini,2 : ,,,,,,,,,,1,02
1002761166,L-1526-177933682,Afl,DBSM/F/Klemm,Cb 22,Cb 22,1527,Incipit liber primus [-quartus] elementorum litterarum Ioannis Baptiste de Verinis Florentini,3 : ,,,,,,,,,,1,02
1002761182,L-1526-177933720,Afl,DBSM/F/Klemm,Cb 22,Cb 22,1527,Incipit liber primus [-quartus] elementorum litterarum Ioannis Baptiste de Verinis Florentini,4 : ,,,,,,,,,,1,02
99982791X,L-1545-169509885,Aal,DBSM/F/Klemm,Cb 23,Cb 23,1545,"Libro di Giovanbattista Palatino, nel qual sʹinsegna a scrivere ogni sorte lettera, antica, et moderna, di qualunque natione, con le sue regole, et mi", : ,,,,,,,,,,1,02
1003598099,L-1820-171052188,Afl,DBSM/F/Klemm,(ÜF / 3. OG: R75/8/6),"Cb 25 - 1, Taf.",1793,Systematische Anweisung zum Schön- und Geschwindschreiben und zur Prüfung deutscher Hand- und Druckschriften,"Tafelbd., Teil 1 : , Systematische Anweisung zum Schönschreiben",", ",,,,,,,,,1,03
1133386563,L-1820-40801170X,Afl,DBSM/F/Bö,Cb 25 - 1.2,Cb 25 - 1.2,1820,Systematische Anweisung zum Schön- und Geschwindschreiben und zur Prüfung deutscher Hand- und Druckschriften,Teil 1.2. : Kalligraphie,,,,,,,,,,1,03
999886924,L-1821-169618404,Aal,DBSM/F/Klemm,Cb 26,Cb 26,1821,Monogrammoplocia : in ogni possibile aspetto alfabetico con in fine 2 tav. di scudi civici e bellici, : ,,,,,,,,,,1,02
994457391,L-1526-155961667,Aal,DBSM/F/Klemm,Cb 27,Cb 27,1526,"Il @modo d'imparare di scrivere lettera mercantescha et ectiam à far la inchoistro, et cognoscer la carta : Con el modo de temperare la penna", : ,,,,,,,,,,1,02
997213175,L-1820-163500304,Aal,DBSM/F/Klemm,Cb 110,Cb 110,1820,"Unterricht in der Schoenschreibekunst der Deutsch, u. Latein Current, Kanzley, u. Fractur Schrift : ", : ,,,,,,,,,,1,02
1000363562,L-1829-170515710,Aal,DBSM/F/Klemm,Cb 116,Cb 116,1829,"Le @régulateur de lʹécriture, ou la manière dʹécrire correctement sans étude et sans maître, en une seule lec̜on, suivi dʹun autre procédé calligraphi", : ,,,,,,,,,,1,02
997870451,L-1788-165136294,Aal,DBSM/F/Klemm,Cb 127,Cb 127,1788,Die @teutsche Kurrent-Kanzlei- und Fraktur-Schrift : In e. theoret.-prakt. Anweisung zum Gebrauch d. Schul- und Privat-Unterrichts, : ,,,,,,,,,,1,02
994739397,L-1776-157763420,Aal,DBSM/F/Klemm,Cb 154,Cb 154,1776,"Arte nueva de escribir, inventada por Pedro Diaz Morante, e ilustrada con muestras nuevas, y varios discursos conducentes al verdadero magiterio de pr", : ,,,,,,,,,,1,02
99831000X,L-1816-165786809,Hal,DBSM/F/Klemm,Cb 174,Cb 174,1816,"Krone, Johann Gottfried, in Klein-Lißa den 24. December 1816 : [Schreibmeisterbuch]", : ,,,,,,,,,,1,02
1002008700,L-1741-176001662,Aal,DBSM/F/Klemm,Cb 175,Cb 175,1741,Geographische und historische Vorschrifften : mit sonderbarem Fleiß colligiret von einem Liebhaber der edlen Schreibe-Kunst, : ,,,,,,,,"Mit hs. Widmg v. Hellmuth Tschörtner f. Bruno [Rebner], 1.4.1951",,1,02
1081735546,L-1592-348638663,Ha,DBSM/F/Klemm,Cb 180,Cb 180,1592,Von Zier geschrifften baides Latinisch wie Teütsches : auch ander neben arten andeüttungen vff Cantzelleysche Handt vnd Current gericht, : ,,,,,,,,,,1,01
100289672X,L-1755-178405019,Aal,DBSM/F/Klemm,Cb 209,Cb 209,1755,Selbstlehrende Canzley̋mäßige|| Dreßdnische|| Schreibe=Schule|| : , : ,,,,,,,,"unvollst.: Vorliegendes Ex. besteht aus Titelbl. u. 21 hs. numerirten Taf. (Taf. 3 - 12, Taf. 16 - 25, davon Taf. 24 doppelt numeriert, aber nicht identisch, Taf. 18 identisch mit Taf. 24; Taf. 18 (=24) datiert 1760, Taf. 21 datiert 1756, Taf. 22 datiert 1758; Als Kupferstecher signieren Zülly, Körner, Vicum",,1,02
1001874102,L-1773-175758018,Hal,DBSM/F/Klemm,Cb 210,Cb 210,1773,Der @getreue|| Schreibemeister|| : , : ,,,,,,,,"Beiliegend 1 hs. Schuldschein von 1791. - Unvollst., ursprüngl. Umfang nicht zu ermitteln",,1,02
1003826709,L-1780-181054469,Aal,DBSM/F/Klemm,Cb 214,Cb 214,1780,[Schreibmeisterbuch] : , : ,,,,,,,,"von Bl. [2] nur noch Fragm. vorhanden; Titelbl. fehlt, Druck bibliogr, nicht ermittelt, Titel fingiert, vermutlich Bruchstück eines umfangreicheren Werkes. - Mit Wasserzeichen von Johann Georg Scheffler, Inhaber d. Papiermühle Sachsendorf/Thür. 1776 - 78, Erben bis 1783",,1,02
1001873335,L-1746-175756597,Aal,DBSM/F/Klemm,Cb 215,Cb 215,1746,[Schreibmeisterblätter] : , : ,,,,,,,,"Fragment, Titelbl. fehlt, Titel bibliogr. nicht ermittelt; vermutl. Verf. Johann Stäps, Bl. 2 (""Grund-Sätze aller Schreibe-Arten"" mit Federführungen) fehlt",,1,02
996390073,L-9999-162082878,Aal,DBSM/F/Klemm,Cb 216,Cb 216,1796,NUOVO METODO E REGOLE|| per formare un bel Carattere|| all'uso moderno|| Giovao. Fresini Scrisse Gaetano Giarrè incise|| : , : ,,,,,,,,,,1,02
1066665133,L-1824-315053593,Aaf,DBSM/F/Klemm,Cb 384,Cb 384,1824,Systematischer Unterricht im Schreiben : [50 kalligraphische Blätter], : ,,,,,,,,,,1,02
986026689,L-2007-324961,Aa,DBSM/F/Klemm,Cb 498,Cb 498,1696,"Vorschrifft, Teutsch und Lateinischer Schrifften : ", : ,,,,,,,,,,1,02
986026581,L-2007-320601,Aa,DBSM/F/Klemm,(ÜF / 3. OG: R75/8/6),Cb 499,1813,"Le @maitre d'ecriture des commercans en caractères : Français, Anglais, Hollandais, Italiens et Allemands", : ,,,,,,,,,,1,02
986959332,L-2008-303179,Aa,DBSM/F/Klemm,Cb 506,Cb 506,1830,"Handleiding tot de schrijfkunst, naar vaste regelen, met aanwijzing van de meest in het oog vallende afwijkingen : ", : ,,,,,,,,,,1,02
1003923283,L-2010-309937,Af,DBSM/F/Klemm,Cb 556,Cb 556,1799,"Der @Schreibmeister oder Anweisung, wie ein jeder sich selbst lehren kann eine schöne franzoesische Hand im englischen und franzoesischen Ductus zu sc",H. 3 : ,,,,,,,,,,1,02
1009878972,L-2011-301613,Aa,DBSM/F/Klemm,Cb 579,Cb 579,1798,Vorschriften zum nützlichen Gebrauch für die Jugend : , : ,,,,,,,,,,1,02
1017059594,L-2011-324366,Aa,DBSM/F/Klemm,Cb 591,Cb 591,1604,Panchrestographie : Toutes les figures cy dessus sont formees d'un seul traict, : ,,,,,,,,Börsenvereinsbibliothek Kriegsverlust,,1,02
1017209332,L-2011-325542,Aa,DBSM/F/Klemm,Cb 592,Cb 592,1695,The @Pen-mans Paradis both Pleasant and Profitable Or Examples of all y usuall Hands of this Kingdome. Adorn'd with variety of ffigures and Flourishes, : ,,,,,,,,,,1,02
1017104387,L-2011-325541,Aa,DBSM/F/Klemm,Cb 593,Cb 593,1810,"Tableau géographique des quatre parties du monde : orné de treize gravures coloriées, Représentant les costumes des Peuples qui habitent les différent", : ,,,,,,,,Marmorierter Kalbslederband d. Zeit mit goldgeprägtem Rückenschild und reicher Rückengoldprägung. Deckel von Goldbordüren gerahmt,,1,02
1035713691,L-2013-312885,Aa,DBSM/F/Klemm,Cb 643,Cb 643,1787,Lehrbuch der Kunst schön und geschwind zu schreiben : , : ,,,,,,,,Taf. 12 fehlt,,1,02
1037333772,L-2013-318322,Aa,DBSM/F/Klemm,Cb 645,Cb 645,1725,Das @Werck lobet den Meister und einen Fürsten seine Händel : es ist ein fährlich Ding in einem Regiment um einen Schwärzer und ein jeder, : ,,,,,,,,,,1,02
1044098473,L-2013-328326,Aa,DBSM/F/Klemm,(ÜF/3.OG/R75/8/6),Cb 651,1695,L' @Ecriture Italienne Bâtarde En sa perfection De la maniere qu'elle s'ecrit A Present : , : ,,,,,,,,,,1,01
1044098953,L-2013-328325,Aa,DBSM/F/Klemm,Cb 652,Cb 652,1709,Gründliche Anweisung zur Schreib-Kunst : sammt Etlichen Alphabethen sowohl der Current- und Cantzley- als auch Fractur und Lateinischen Schrifften ; D, : ,,,,,,,,"hs. Eignervermerk: B. F. Beutler 1812 auf d. Vorsatz; darunter: C. G. Becherer Eigenthums-Recht vorbehalten. 1880; auf d. Schnitt in Großbuchstaben: BECHERER. Zahlr. Kritzeleien - Kinderzeichnungen auf freien Seiten (1. Hälfte 20. Jh. oder älter); enth. Titelblatt und 12 Blätter in Kupferstich, gestempelt ""Deutsche Nationalbibliothek"" 19.07.2016",,1,01
1046196235,L-1722-280645058,Aa,DBSM/F/Klemm,Cb 652,Cb 652,1722,Gründliche Anleitung zur Schreib-Übung In denen iezo bräuchlichen Teutsche Current-Cantzley und Fractur- sowohl Latein- und Romanischen- als auch Fran, : ,,,,,,,,"((k)); enthält Titelblatt und 30 Tafeln in Kupferstich, gestempelt ""Deutsche Nationalbibliothek"" 19.07.2016",,1,01
1050054741,L-2014-311325,Aa,DBSM/F/Klemm,Cb 661,Cb 661,1724,"Die @offene Schreib-Schule, in welcher die Edle und höchstnützbahre Schreib-Kunst Mittelst verschiedener so Deutsch- als Dähnisch- Lateinisch- Frantzö", : ,,,,,,,,,,1,01
1050418271,L-2014-311364,Aa,DBSM/F/Klemm,(ÜF 3.OG/R.51/2/2),Cb 662,1830,"Originale caratteri : moderni et antichi ; dedicati A.S.R.M. Francesco 1mo, Re del Regno delle Due Sicilie", : ,,,,,,,,Halbmaroquineinband mit ledernem montierten Deckelschild,,1,02
1060814544,L-2014-331365,Aa,DBSM/F/Klemm,Cb 674,Cb 674,1605,"Spieghel der schrijfkonste, inden welcken ghesien worden veelderhande gheschriften met hare fondementen ende onderrichtinghe : ", : ,,,,,,,,,,1,01
1166065464,L-2019-302276,Aa,DBSM/F/Klemm,Cb 732,Cb 732,1780,Methodische Anweisung zur Schönschreiberei : , : ,,,,,,,,"Beschreibung des Anbieters bei Verkauf: guter Zustand, Hlwd, Rückenvergoldung; Kurrent-, Kanzlei- und Zierschriften, attraktive maßvolle Federzüge, Doede 207 ... (nennt 23 Tafeln und einen zweiten Teil mit 18 Tafeln) [im Worldcat wird jedoch gleiche Seitenzahl wie für das vorliegende Exemplar angegeben]",,1,02
1188896733,L-2019-302303,Aa,DBSM/F/Klemm,(Großformate),Cb 733,1756,Nouveau livre d'écriture d'après les meilleures Exemples de Rossignol dedié A Monseigneur le Dauphin : , : ,,,,,,,,,,1,02
1197557121,L-2019-323497,Aa,DBSM/F/Klemm,Cb 737,Cb 737,1793,Deutsche und Französiche Vorschriften : , : ,,,,,,,,,,1,02
1205028994,L-2020-302130,Aa,DBSM/F/Klemm,(Großformate),Cb 747,1698,L' @art d'écrire : , : ,,,,,,,,,,1,02
1205034501,L-2020-302131,Aa,DBSM/F/Klemm,Cb 748 ; Großformate,Cb 748,1794,"Nova Arte De Escrever : Offerecida Ao Principe Nosso Senhor, Para Instrucçaõ Da Mocidade", : ,,,,,,,,,,1,02
1205036865,L-2020-302132,Aa,DBSM/F/Klemm,Cb 749,Cb 749,1723,"A @New Book of Cyphers, Containing in general all Names Interwoven, & revers'd, by Alphabet : Being very pleasent for Gentlemen, and Ladys, and useful", : ,,,,,,,,,,1,02
1210096447,L-2020-302189,Aa,DBSM/F/Klemm,Cb 750 ; Großformate,Cb 750,1814,"Raccolta di caratteri inglesi, francesi, italiani, e tedeschi : con nuovo, e breve metodo, per facilmente imitarli", : ,,,,,,,,Zustandsbeschreibung des Verkäufers: Das erste weiße Blatt und der Titel gebräunt bzw. braunfleckig. Die meisten Tafeln bzw. Bläter im Außensteg braunfleckig,,1,02
1220645885,L-3000-027047,Aa,DBSM/F/Klemm,Cb 754,Cb 754,1818,Vorschrift zur Uebung in der deutschen Current- Canzley- und Fracturschrift : , : ,,,,,,,,"Zustandsbeschreibung bei Verkauf: 26 (statt 28) lith. Tafeln (inkl. Titel). Lose, ohne Einbd.; Seltenes, von J. Päringer und anderen in München lithographiertes Schreibmeisterbuch. Götze war lt. Titel Regierungskanzlist in Meiningen. - Taf. leicht fleckig, Titel stärker u. angestaubt. Kl. Randläsuren, letzte Taf. mit Einrissen u. Eckabriss. Fehlen 2 Taf. (in Fotokopie beiliegend). - Beiliegen: Über 10 Bll., darunter gest. Schreibmeisterblatt mit Porträt des Nürnberger Mathematikers Ulrich Hoffmann, kalligraphierter Stammbuch-Titel, Schriftbeispiele u. Ornamente, diverse Bll. mit kl. montierten Initialen u.ä. - oRR./Waf.; Beigaben nicht in Gg gegeben",,1,02
1066942021,L-1700-315469668,Haf,DBSM/M/Klemm,"I, 229","I, 229",1700,"Wie das Haupt ist, sollen billich auch die Glieder seyn. Wie der Herr, so die Knechte, wie der Vater, so die Kinder : [barockes Schreib-Übungsheft]", : ,,,,,,,,,,1,02
1001523539,L-1683-175049130,Aal,DBSM/M/Klemm,"IV 291, 80","IV 291, 80",1683,Heures nouvelles : tirées de la Sainte Ecriture, : ,,,,,,,,"Exlibris f. Georges de Hemptinne, sign.: H. N., Motto: Vita veritas carior; weiteres kleines Wappenexlibris mit Motto: Post florem fructus [vermutl. Wappen von Philip Blommaert, Gent]. - Zeitgen. Maroquineinbd mit Vergoldg. ""a la dentelle""",,1,02
1196912882,L-1563-644253029,Ha,DBSM/F/Klemm,unsigniert,RGB L 220; unsigniert,1563,Schreibmeisterbuch : , : ,,,,,,e,,,,1,01
