idn,akz,bbg,standort,signatur_g,signatur_a,titel,stuecktitel,f4243,f4256,f4241,f4105_9,f4105_g,ausleihcode,sig_komm,f4801_a,bibliothek,einrichtung,exemplar
1003962874,L-1688-181273209,Aal,DBSM/M/Bö,Bö M 1,Bö M 1,"Der @Neu=Sprossende Teutsche Palmbaum : oder ausführlicher Bericht, Von der Hochlöblichen Fruchtbringenden Gesellschaft, ... samt ... Verzeichnüß alle", : ,,,,,,,,,,1,02
1003987001,L-1626-181298007,Aal,DBSM/M/Bö,Bö M 2,Bö M 2,Theōnos Sophistu Progymnasmata : in usum Scholarum Hollandiae West-Friesiaeque [griech. u. lat.], : ,,,,,,,,,,1,02
1003854826,L-1610-181083752,Aal,DBSM/M/Bö,Bö M 3,Bö M 3,"Die @Allerschöneste Companey auff Erden : über das H. Evang. am 3. Sonntage nach der H. Dreyfaltigkeit, Lucae C. 15", : ,,,,,,,,,,1,02
1066963746,L-1599-315493968,Aaf,DBSM/M/Boe,Bö M 5 aus,Bö M 5 aus,Eine @Predigt|| Vber der Leiche des|| Achtbarn ... Herrn M.|| Georgij Dobers/ gewesenen Burgermeisters zu|| Olsnitz/ so an vnsers HErrn Christi Himel=, : ,,,,,,,,"Ursprünglich angebunden an Bö M 5, herausgelöst",,1,02
1003797741,L-1631-180645617,Aal,DBSM/M/Bö,Bö M 6,Bö M 6,"Divi Aurelii Augustini ... Meditationes, Soliloquia et Manuale. Meditationes B. Anselmi cum tractatu de humani generis redemptione, D. Bernardi, Idiot", : ,,,,,,,,Kupfert. am oberen und unteren Rand beschnitten,,1,02
1003839622,L-1601-181068354,Aal,DBSM/M/Bö,Bö M 7,Bö M 7,"Leichpredigt|| Über den Custodierten D. Nicolaum Krell, Welcher den 9. Octobris ... zu Dreßden entheuptet worden : ", : ,,,,,,,,,,1,02
1003964729,L-1695-18127504X,Aal,DBSM/M/Bö,Bö M 8,Bö M 8,"Hercules Prodicius seu Carolus Juliae, Cliviae ac Montium Princeps in Joanne Wilhelmo Comite Palatino Rheni nepote post saeculum redivivus : ", : ,,,,,,,,"[Histor. Einband m. Superexlibris, Staatswappen]",,1,02
1003943349,L-1672-181212536,Aal,DBSM/M/Bö,Bö M 9,Bö M 9,Möglichst kürtzeste/ jedoch gründliche Genealogische Herführung/ Von uralter Her- und Ankunfft Beyder Hoch-Fürstlichen Häuser Baden und HolsteinBenebe, : ,,,,,,,,,,1,02
1147898448,L-1646-427678498,Afl,DBSM/M/Bö,Bö M 10,Bö M 10,"Jo. Petri Lotichii Rerum Germanicarum, sub Matthia, Ferdinandis II. & III. Impp. gestarum, libri LV.","1,1 : Liber I-XIIX",,,,,,,,,,1,02
1003943853,L-1622-181212994,Aal,DBSM/M/Bö,Bö M 12,Bö M 12,Jahreszeiten : 12 Monate, : ,,,,,,,,"[Winterbild sign.: ""M. Merians fecit, Basileae, A. 1622""]",,1,02
1003987435,L-1687-181298449,Aal,DBSM/M/Bö,Bö M 13,Bö M 13,"Jacobi Tolli Fortuita : in quibus, praeter critica nonnulla, tota fabularis historia Graeca, Phoenicia, Aegyptiaca, ad Chemiam pertinere asseritur", : ,,,,,,,,Pergamenteinband d. Zt. m. Wappenexlibris auf d. V.-Deckel,,1,02
1144984351,L-1649-426018907,Qd,DBSM/M/Bö,Bö M 14,Bö M 14,Sammelband Topographia Provinciarum Austriacarum : , : ,,,,,,,,,,1,02
1003946658,L-1650-181215799,Aal,DBSM/M/Bö,Bö M 15,Bö M 15,"Topographia Bohemiae, Moraviae Et Silesiae das ist, Beschreibung und eigentliche Abbildung der Vornehmsten, und bekandtisten Stätte, und Plätze, in de", : ,,,,,,,,,,1,02
1003945953,L-1644-181215128,Aal,DBSM/M/Bö,Bö M 16,Bö M 16,"Topographia Bavariae das ist Beschreib: und Aigentliche Abbildung der Vornembsten Stätt und Orth, in Ober und NiederBeyern, Der ObernPfaltz, Und ander", : ,,,,,,,,,,1,02
1003960766,L-1643-181271060,Aal,DBSM/M/Bö,Bö M 17,Bö M 17,"Topographia Sueviae das ist Beschreib: und Aigentliche Abcontrafeitung der fürnembste[n] Stätt und Plätz in Ober und Nider Schwaben, Hertzogthum Würte", : ,,,,,,,,,,1,02
1003944124,L-1644-181213265,Aal,DBSM/M/Bö,Bö M 18,Bö M 18,"Topographia Alsatiae, &c. Das ist/ Beschreibung unnd eygentliche Abbildung der vornehmbsten Stätt und Oerther/ im Obern und Untern Elsaß/ auch den ben", : ,,,,,,,,,,1,02
1144984440,L-1646-42601894X,Qd,DBSM/M/Bö,Bö M 19,Bö M 19,"Sammelband Topographia Archiepiscopatuum Moguntinensis, Trevirensis, et Coloniensis : ", : ,,,,,,,,,,1,02
1003947638,L-1648-181216884,Aal,DBSM/M/Bö,Bö M 21,Bö M 21,"Topographia Franconiae, Das ist/ Beschreibung, Und Eygentliche Contrafactur der Vornembsten Stätte/ Und Plätze des Franckenlandes/ und Deren/ die Zu D", : ,,,,,,,,,,1,02
1144987067,L-1646-426020154,Qd,DBSM/M/Bö,Bö M 22,Bö M 22,Sammelband Topographia Hassiae et Regionum Vicinarum : , : ,,,,,,,,,,1,02
1003961096,L-1647-181271400,Aal,DBSM/M/Bö,Bö M 23,Bö M 23,"Topographia Westphaliae. Das ist, Beschreibung der Vornembsten, und bekantisten Stätte, und Plätz, im Hochlöbl: Westphälischen Craiße : ", : ,,,,,,,,,,1,02
1003950183,L-1653-181219549,Aal,DBSM/M/Bö,Bö M 24,Bö M 24,Topographia Saxoniae Inferioris : das ist Beschreibung der vornehmsten Stätte vnnd Plätz in dem hochl. Nider Sachß. Crayß, : ,,,,,,,,,,1,02
1003946844,L-1654-181216027,Aal,DBSM/M/Bö,Bö M 25,Bö M 25,"Topographia und Eigentliche Beschreibung Der Vornembsten Stäte, Schlösser auch anderer Plätze und Örter in denen Hertzogthümer[n] Braunschweig und Lün", : ,,,,,,,,Kupfertafeln gezählt am 19.9.2017,,1,02
1003950396,L-1650-181219719,Aal,DBSM/M/Bö,Bö M 26,Bö M 26,M.Z. @Topographia Superioris Saxoniae Thüringiae/ Misniae Lusatiae etc: Das ist Beschreibung der Vorn[embste]n und Bekantesten Stätt/ und Plätz/ in Ch, : ,,,,,,,,,,1,02
1005791945,L-1680-185133150,Aal,DBSM/M/Bö,Bö M 27,Bö M 27,M Z: @Topographia Electorat[us] Brandenburgici et Ducatus Pomeraniae. [et]c. das ist Beschreibung der Vornembsten und bekantisten Stätte und Plätz in , : ,,,,,,,,,,1,02
1003948413,L-1642-181217708,Aal,DBSM/M/Bö,Bö M 28,Bö M 28,"Topographia Helvetiae, Rhaetiae, Et Valesiae, Das ist, Beschreibung und Eigentliche Abbildung der Vornembsten Stätte und Plätz in der Hochlöblichen Ey", : ,,,,,,,,,,1,02
1003947328,L-1654-181216574,Aal,DBSM/M/Bö,Bö M 29,Bö M 29,Topographia Circuli Burgundici: Das ist/ Beschreibung deß Burgundisch- und Niederländischen Craises; Oder der XVII. Niederländischen Provintzen/ und w, : ,,,,,,,,,,1,02
1003940870,L-1655-181210088,Afl,DBSM/M/Bö,Bö M 30 - 1,Bö M 30 - 1,"Topographia Galliae, Oder Beschreibung und Contrafaitung der vornehmbsten/ und bekantisten Oerter/ in dem mächtigen/ und grossen Königreich Franckreic",Theil 1 - 5 : ,,,,,,,,,,1,02
1144993644,L-1657-426023579,Afl,DBSM/M/Bö,Bö M 30 - 2,Bö M 30 - 2,"Topographia Galliae, Oder Beschreibung und Contrafaitung der vornehmbsten/ und bekantisten Oerter/ in dem mächtigen/ und grossen Königreich Franckreic",Theil 6 - 13 : ,,,,,,,,,,1,02
1003948715,L-1688-18121797X,Aal,DBSM/M/Bö,Bö M 31,Bö M 31,"Topographia Italiae, Das ist: Warhaffte und Curiöse Beschreibung Von gantz Italien/ Darinnen nach Historischer Warheit/ die berühmtesten Städte/ Vestu", : ,,,,,,,,,,1,02
1003800165,L-1635-180648268,Aal,DBSM/M/Boe,Bö M 32,Bö M 32,"Newer Beichtform, Das ist: Geistliche underrichtung ... : ", : ,,,,,,,,,,1,02
1003920497,L-1683-181188279,Afl,DBSM/M/Bö,Bö M 33,Bö M 33,Histoire du Calvinisme & celle du Papisme mises en parallele,Pt. 1 : ,,,,,,,,Einband d. Zeit m. Wappenexlibris auf beid. Deckeln,,1,02
1003867928,L-1684-181117045,Aal,DBSM/M/Bö,Bö M 34,Bö M 34,Costuymen van s'Hertogen-Bossche : , : ,,,,,,,,Titelbl. fehlt; Einband d. Zeit m. Wappen auf beiden Deckeln,,1,02
1003891322,L-1661-181142058,Aal,DBSM/M/Bö,Bö M 36 a,Bö M 36 a,Volrad Fürstenholds Politisches Bedenken Über das Eigenhändige Unterschreiben Grosser Herren ... : , : ,,,,,,,,"[Gelegentl. d. Restaurierung ausgebund. aus d. Sammelband Bö D III 5: Becher, Polit. Discurs. Frankf. a.M. 1668]",,1,02
1003974899,L-1671-181285533,Aal,DBSM/M/Bö,Bö M 36 b,Bö M 36 b,Wilhelm Schröters|| Illustrissimae Regiae Societat. Bri-||tann. Assessoris|| : Dissertatio|| de Ministrissimo, : ,,,,,,,,"[Gelegentl. d. Restaurierung ausgebund. aus d. Sammelband Bö D III 5: Becher, Polit. Discurs. Frankf. a.M. 1668]",,1,02
100392705X,L-1642-181195763,Aal,DBSM/M/Bö,Bö M 36 c,Bö M 36 c,Jo. Petri Lotichii De Opinione Oratio : , : ,,,,,,,,,,1,02
1003880878,L-1661-181131625,Aal,DBSM/M/Bö,Bö M 36 d,Bö M 36 d,"Johannis Pauli Felwinger/ Professoris Altdorphini, Dissertationes Politicae : Series Materiarum post Praefationem reperietur ; Cum indice Rerum & Verb", : ,,,,,,,,"[Gelegentl. d. Restaurierung ausgebund. aus d. Sammelband Bö D III 5: Becher, Polit. Discurs. Frankf. a.M. 1668]",,1,02
100386838X,L-1560-18111769X,Aal,DBSM/M/Bö,Bö M 37,Bö M 37,Dionysii Halicarnassei de Thucydidis Historia Judicium : , : ,,,,,,,,,,1,02
1003867944,L-1619-181117061,Aal,DBSM/M/Bö,Bö M 38,Bö M 38,Costumen der Stede van Brugghe : , : ,,,,,,,,,,1,02
1003988164,L-1808-181299259,Aal,DBSM/M/Bö,Bö M 39 (Großformate),Bö M 39,Tryphiodōru Iliu Halōsio : , : ,,,,,,,,,,1,02
1003977170,L-1633-181288095,Aal,DBSM/M/Bö,Bö M 40,Bö M 40,Adriani Spigelii Isagoges in rem herbarium libri duo : , : ,,,,,,,,,,1,02
1003921698,L-1668-181189747,Aal,DBSM/M/Bö,Bö M 41,Bö M 41,D. Jun. Juvenalis et Auli Persii Flacii Satyrae : , : ,,,,,,,,,,1,02
1003983944,L-1651-181295059,Aal,DBSM/M/Bö,Bö M 42,Bö M 42,Pub. Terentii Comoediae Sex : , : ,,,,,,,,,,1,02
100390162X,L-1622-181152533,Aal,DBSM/M/Bö,Bö M 43,Bö M 43,"Hesiodi Ascraei quae extant. Daniel Heinsivs interpretationem haud paucis locis emendavit. Introductionem in Opera [et] Dies, in qua Hesiodi philosoph", : ,,,,,,,,"hs. Eignervermerk ist identisch mit einem hs. Vermerk im Dante-Kodex des Christianeums, wo Lucht Lehrer war",,1,02
1003920195,L-1694-181187868,Aal,DBSM/M/Bö,Bö M 44,Bö M 44,"Francisci Junii F. F. de Pictura Veterum libri tres ... accedit Catalogus, adhuc ineditus, Architectorum, Mechanicorum ... : ", : ,,,,,,,,,,1,02
1003787630,L-1642-180635697,Aal,DBSM/M/Boe,Bö M 45,Bö M 45,"Jo. Ludovici Gottfridi Historische Chronica, Oder Beschreibung der Fürnemsten Geschichten/ so sich von Anfang der Welt/ biß auff unsere Zeiten zugetra", : ,,,,,,,,"S. 25/26, 33/34 u. 81/82 sind hs. ergänzt!",,1,02
1003786944,L-1649-18063500X,Aal,DBSM/M/Boe,(ÜF / 4. OG: R42/6/4),Bö M 46,"Archontologia Cosmica, Sive Imperiorum, Regnorum, Principatuum, Rerumque Publicarum omnium per totum Terrarum Orbem Commentarii LuculentissimiQuibus C", : ,,,,,,,,"war stark zerstört, restauriert",,1,02
1003988458,L-1660-181299534,Aal,DBSM/M/Bö,Bö M 47,Bö M 47,Amoris divini emblemata : , : ,,,,,,,,Zeitgenöss. Kalbslederinband m. Wappenexlibris des Antoine Barillon de Morangis auf beid. Deckeln,,1,02
1003797199,L-1627-180644920,Aal,DBSM/M/Boe,Bö M 48,Bö M 48,De Lactibus Sive Lacteis Venis Quarto Vasorum Maesaraicorum genere ... : , : ,,,,,,,,,,1,02
1003798918,L-1613-180647148,Aal,DBSM/M/Boe,Bö M 49,Bö M 49,Astronomique discours : , : ,,,,,,,,,,1,02
1003941494,L-1726-181210770,Aal,DBSM/M/Bö,(ÜF / 4. OG: R42/6/5),Bö M 50,Mariae Sibillae Merian Dissertatio de generatione et metamorphosibus insectorum Surinamensium ... : , : ,,,,,,,,,,1,02
1003928005,L-1620-181196786,Aal,DBSM/M/Bö,Bö M 52,Bö M 52,De rerum natura : , : ,,,,,,,,,,1,02
1003840507,L-1680-181069202,Aal,DBSM/M/Bö,Bö M 53,Bö M 53,"De sacrificio Missae, tractatus asceticus ... : ", : ,,,,,,,,,,1,02
1003929176,L-1607-181198207,Aal,DBSM/M/Bö,Bö M 54,Bö M 54,"Macrobii Ambrosii Aurelii Theodosii viri consularis & illustris in Somnium Scipionis, Lib. II., Saturnaliorum, Lib. VII : ", : ,,,,,,,,,,1,02
1003800785,L-1626-180648810,Aal,DBSM/M/Bö,Bö M 55,Bö M 55,"De gemitu Columbae sive De bono lacrymarum, libri tres : ", : ,,,,,,,,,,1,02
1003872638,L-1672-181122235,Afl,DBSM/M/Bö,Bö M 56,Bö M 56,Le @Monde ou la geographie universelle ...,P. 1 : ,,,,,,,,"Zeitgenöss. Einband m. Superexlibris auf beid. Deckeln: Wappen m. d. Devise ""Vivit post funera vitus""; enthält (mit Kupfertitel) 52 doppelblattgroße Karten, teilweise koloriert",,1,02
100399234X,L-1624-181303388,Aal,DBSM/M/Bö,Bö M 57,Bö M 57,Emblematum ethico-politicorum centuria Julii Guilielmi Zincgrefii : , : ,,,,,,,,,,1,02
1003992730,L-1666-181303787,Aal,DBSM/M/Bö,Bö M 58,Bö M 58,Emblematum ethico-politicorum centuria : , : ,,,,,,,,"Im V.-Deckel eingekl. Exlibris v. Robert Hoe, amerikan. Bibliophiler u. Druckmaschinenfabrikant",,1,02
1003915108,L-1653-181182386,Aal,DBSM/M/Bö,Bö M 59,Bö M 59,Jesus meine Liebe gecreutziget ... in 59 ... Andachten : , : ,,,,,,,,Zeitgenöss. Einband m. gepunztem u. bemaltem Goldschnitt,,1,02
1003984738,L-1549-181295873,Aal,DBSM/M/Bö,Bö M 60,Bö M 60,Tēs @Kainēs Diathēkēs Apanta : Ex Bibliotheca Regia, : ,,,,,,,,,,1,02
1003974392,L-1600-181285010,Aal,DBSM/M/Bö,Bö M 61,Bö M 61,Itinerari Italiae rerumq[ue] romanarum libri tres : , : ,,,,,,,,[Pergamenteinband d. Zt. m. Wappenexlibris auf d. V.-Deckel u. Devise auf dem H.-Deckel],,1,02
1003964338,L-1629-181274655,Aal,DBSM/M/Bö,Bö M 62,Bö M 62,Pub[lii] Ovidii Nasonis opera : , : ,,,,,,,,,,1,02
100389951X,L-1605-181150344,Aal,DBSM/M/Bö,Bö M 63,Bö M 63,"Mespris de la cour, et louange de la vie rustique : ", : ,,,,,,,,,,1,02
1003982700,L-1626-181293692,Aal,DBSM/M/Bö,Bö M 64,Bö M 64,Sulpiti Severi Historia Sacra continuata Ex Johannis Sleydani libro De Quatuor summis Imperiis : edita In usum Scholarum Hollandicarum & West-Frisicar, : ,,,,,,,,,,1,02
1003868568,L-1604-181117894,Aal,DBSM/M/Bö,Bö M 65,Bö M 65,Scholia Sive Dilvcidationes Ervditissimae In Latinos Plerosqve Historiae Romanae Scriptores Quorum nomina versa : , : ,,,,,,,,Zeitgenöss. Einband mit Rollen- u. Plattenstempel (Wappen d. Dt. Reichs u. v. Sachsen) u. Besitzermonogramm F T F 1607,,1,02
1003989381,L-1636-181300370,Aal,DBSM/M/Bö,Bö M 66,Bö M 66,P[ublii] Virgilii Maronis opera nunc emendatiora : , : ,,,,,,,,,,1,02
1003924077,L-1601-181192470,Aal,DBSM/M/Bö,Bö M 67,Bö M 67,"Samuelis Latochii secundi, Cognomento Sommerhelti ...Laurifolia, sive carminum lib. XII. ... : ", : ,,,,,,,,,,1,02
1066962731,L-1600-315493062,Aaf,DBSM/M/Boe,Bö M 68,Bö M 68,"HORATII|| TVRSELLINI|| ROMANI|| E SOCIETATE IESV|| LAVRETANAE|| HISTORIAE, LIBRI|| QVINQVE.|| AD ILLVSTRISS. D.|| PETRVM ALDOBRAN-||DINVM S.R.E. CARD.", : ,,,,,,,,,,1,02
1003895549,L-1743-181146533,Aal,DBSM/M/Bö,Bö M 70,Bö M 70,[Wernigerödisches Gesangbuch : , : ,,,,,,,,"Anfang u. Schluß fehlen. - Einband d. Zt. m. Besitzermonogr. ""J.C.W."" m. Krone darüber; H.-Deckel datiert 1765",,1,02
1003888895,L-1657-181139693,Aal,DBSM/M/Bö,Bö M 72,Bö M 72,[Rerum Romanorum libri IV.] : , : ,,,,,,,,,,1,02
1138242179,L-9999-414747062,Qd,DBSM/M/Bö,Bö M 73,Bö M 73,Sammelband : , : ,,,,,,,,,,1,02
1003867375,L-1651-181116383,Aal,DBSM/M/Bö,Bö M 74,Bö M 74,"Tractatus De Vero Sale Secreto Philosophorum, & de universali Mundi SpirituGallice primo scriptus in supplementum diu desiderati tertii principii Cosm", : ,,,,,,,,,,1,02
1124489959,L-1669-394262808,Afl,DBSM/M/Bö,Bö M 75,Bö M 75,Jacobi Bornitii emblemata ethico politica Ingenua atque erudita interpretatione nunc primum illustrata,1 : Jocobi Bornitii Emblematum sylloge prima,,,,,,,,,,1,02
1003867502,L-1674-181116545,Aal,DBSM/M/Bö,Bö M 76,Bö M 76,Philologicarum epistolarum centuria una diversorum a renatis literis doctissimorum virorum ... insuper Richardi de Buri ... Philobiblion et Bessarioni, : ,,,,,,,,,,1,02
1003856071,L-1691-181084953,Aal,DBSM/M/Bö,Bö M 77,Bö M 77,"Bibliotheca Succincta Et Portatilis, Sive Directorium Concionatorum In Duos Tomos Distributum, Quorum Primus Continet Synopsim, Sive Summam Generalem ", : ,,,,,,,,,,1,02
1003970443,L-1631-181280884,Aal,DBSM/M/Bö,Bö M 78,Bö M 78,"Responsa Medica De Probatione, facultate & usu Acidularum Ac Fontium Schwalbaci susurrantium, a celeberrimis aliquot Medicis : ", : ,,,,,,,,,,1,02
100388962X,L-1623-181140365,Aal,DBSM/M/Bö,Bö M 79,Bö M 79,"Pompa funebris optimi potentissimq[ue] principis Alberti Pii, Archiducus Austriae ... : ", : ,,,,,,,,"Kupfertitel beschädigt, restauriert",,1,02
100389819X,L-1647-181149028,Aal,DBSM/M/Bö,Bö M 80,Bö M 80,"Divi Gregorii Nazianzeni Theologi, Poemata Quaedam Selectiora In usum studiorum Graecae linguae & sincerae pietatis seorsum edita pro Scholis Lunaebur", : ,,,,,,,,"stark restauriert, Einband unter Einbeziehung noch vorhandener Fragmente erneuert, Buchblock gereinigt, angefasert",,1,02
1003880487,L-1605-181131277,Afl,DBSM/M/Bö,Bö M 81 - 1,Bö M 81 - 1,Coniecturae iuris civilis,1-6 : Antonii Fabri ... coniecturarum juris civilis libri sex priores ...,,,,,,,,,,1,02
1149404639,L-1599-430351992,Afl,DBSM/M/Bö,Bö M 81 - 2,Bö M 81 - 2,Coniecturae iuris civilis,"7-10 : Antonii Fabri ... coniecturarum iuris civilis libri septimus, octavus, nonus, decimus",,,,,,,,,,1,02
1149404868,L-1600-430352190,Afl,DBSM/M/Bö,Bö M 81 - 3,Bö M 81 - 3,Coniecturae iuris civilis,11-12 : Antonii Fabri ... coniecturarum iuris civilis lib. XI. & XII.,,,,,,,,,,1,02
1003838677,L-1704-181067382,Aal,DBSM/M/Bö,Bö M 82,Bö M 82,"Biblia, Das ist, Die gantze heilige Schrifft Alten und Neuen Testaments Verteutscht durch D. Martin Luther. Jetzo abermal Nach dem letzten im Jahr 154", : ,,,,,,,,,,1,02
1003921124,L-1607-181189135,Afl,DBSM/M/Bö,Bö M 83,Bö M 83,Corpus iuris civilis,Tomus II : Codicis Iustiniani D.N. Sacratissimi Principis PP. AVG. Repetitae praelectionis libri XII,,,,,,,,"Zeitgenöss. Einbd. m. Platten- u. Rollenstempeln. - Auf d. Titelbl. Druckersignet: Anker m. Schlange, von 2 Händen gehalten (T. 2) bzw. Fama",,1,02
114772265X,L-1607-427358272,Afl,DBSM/M/Bö,Bö M 83,Bö M 83,Corpus iuris civilis,Tomus III : Authenticae sev novellae constitutiones Dn. Ivstiniani Sacratis. Principis,,,,,,,,"Zeitgenöss. Einbd. m. Platten- u. Rollenstempeln. - Auf d. Titelbl. Druckersignet: Anker m. Schlange, von 2 Händen gehalten (T. 2) bzw. Fama",,1,02
1147722773,L-1607-427358302,Afl,DBSM/M/Bö,Bö M 83,Bö M 83,Corpus iuris civilis,"Tomus IV : Fevdorvm consvetvdines partim ex editione Vvlgata, partim ex Cuiaciana, vulgatae appositae ...",,,,,,,,"Zeitgenöss. Einbd. m. Platten- u. Rollenstempeln. - Auf d. Titelbl. Druckersignet: Anker m. Schlange, von 2 Händen gehalten (T. 2) bzw. Fama",,1,02
1147722870,L-1607-427358361,Afl,DBSM/M/Bö,Bö M 83,Bö M 83,Corpus iuris civilis,Tomus V : Tractatvs ad ivs varii ...,,,,,,,,"Zeitgenöss. Einbd. m. Platten- u. Rollenstempeln. - Auf d. Titelbl. Druckersignet: Anker m. Schlange, von 2 Händen gehalten (T. 2) bzw. Fama",,1,02
1003921124,L-1607-186728832,Afl,DBSM/M/Bö,Bö M 84,Bö M 84,Corpus iuris civilis,Tomus II : Codicis Iustiniani D.N. Sacratissimi Principis PP. AVG. Repetitae praelectionis libri XII,,,,,,,,,,1,03
114772265X,L-1607-427358280,Afl,DBSM/M/Bö,Bö M 84,Bö M 84,Corpus iuris civilis,Tomus III : Authenticae sev novellae constitutiones Dn. Ivstiniani Sacratis. Principis,,,,,,,,,,1,03
1147722773,L-1607-427358310,Afl,DBSM/M/Bö,Bö M 84,Bö M 84,Corpus iuris civilis,"Tomus IV : Fevdorvm consvetvdines partim ex editione Vvlgata, partim ex Cuiaciana, vulgatae appositae ...",,,,,,,,,,1,03
1147722870,L-1607-42735837X,Afl,DBSM/M/Bö,Bö M 84,Bö M 84,Corpus iuris civilis,Tomus V : Tractatvs ad ivs varii ...,,,,,,,,,,1,03
1003927939,L-1651-181196735,Aal,DBSM/M/Bö,Bö M 85,Bö M 85,"M.[arci] Annaei Lucani Pharsalia, sive de bello civili Caesaris et Pompeii Lib. X. : ", : ,,,,,,,,"Histor. Einbd., ca. Ende 18. Jh. u. Anf. 19. Jh. - rot Maroquin m. künstl. lang. Quernarben 'straight grainedʹ m. Mäanderkante lgs. d. Deckelkanten, Rücken-, Steh- u. Innenkantenvergoldg",,1,02
100389948X,L-1742-18115031X,Aal,DBSM/M/Bö,Bö M 87,Bö M 87,"Heilige Andachts-Flammen Eines Würdigen Communicanten Bey der Liebes-Tafel Jesu, erwecket : ", : ,,,,,,,,"Mit mehrfarb. kalligr. Eintrag auf flieg. Blatt für d. Erstbesitzerin: Sophia Fried. Spitzner, 1749; Nachbesitz.-Vermerk: Augusta Fried. Drobisch, 16.1.1795; Histor. Einbd; rötl. bemalt. Prgmt m. Vergoldg u. ziseliert. Goldschn.",,1,02
1003840140,L-1759-181068850,Aal,DBSM/M/Bö,Bö M 88,Bö M 88,Beicht- und Communionbuch ... : Nebst einem Anhang einiger Kirchen ... und anderen Gebeten und Liedern ..., : ,,,,,,,,Zeitgenössischer Einband mit Bezug aus blindgepreßtem Tapetenleder; darüber blindgedruckte Streicheisenlinien längs der Kanten und Bünde,,1,02
1003937128,L-1599-181206463,Aal,DBSM/M/Bö,Bö M 90,Bö M 90,"Martiani ... Capellae ... satyricon, in quo De nuptiis Philologiae & Mercurii libri duo, & De septem artibus liberalibus libri singulares : ", : ,,,,,,,,[Histor. Einband: bemalt. Perg. m. Vergoldg. ca. 18 Jh.],,1,02
1003971172,L-1571-181281589,Aal,DBSM/M/Bö,Bö M 91,Bö M 91,"IN RELIQVIAS|| ACADEMI=||CARVM QVAE=||STIONVM M. TVLLII|| Ciceronis, & eiusdem quinque|| Libros de Finibus, IOHANNIS|| ROSAE Commen-||tarius.|| : ", : ,,,,,,,,,,1,02
1003966217,L-1518-181276631,Aal,DBSM/M/Bö,Bö M 92,Bö M 92,"PLVTAR-||chi Chaeronẽsis opuscula quaedã,|| Des. Erasmo Roterodamo,|| Stephano Nigro,|| Angelo Barbato,|| Bilibaldo Pirckheymero, &|| Philippo Melanch", : ,,,,,,,,,,1,02
100390291X,L-1574-181153866,Aal,DBSM/M/Bö,Bö M 94,Bö M 94,"Homēru Odysseia : Eiusdem Batrachomyomachia, & Hymni", : ,,,,,,,,,,1,02
1003983278,L-1612-181294370,Aal,DBSM/M/Bö,Bö M 95,Bö M 95,"C[aii] Cornelii Taciti opera Latina, cum versione Germanica, Jacobi Micylli [d.i. Jakob Moltzer ...] : ", : ,,,,,,,,Zeitgenöss. stark abgenutzt; Einband m. 2 veschied. Wappen auf d. Deckeln,,1,02
1003928617,L-1688-181197553,Aal,DBSM/M/Bö,Bö M 96,Bö M 96,Martin Luthers Kleiner Catechismus ... : vom Ministerio zum H. Creutz in Dreßden ... erläutert ... und ... in Kirchen u. Schulen zum allgemeinen Gebra, : ,,,,,,,,[Histor. Einband],,1,02
1003799868,L-1707-180647997,Aal,DBSM/M/Bö,Bö M 97,Bö M 97,Der @Andächtig=Gott=ergebenen Jungfer Tägliches Hand= und Gebeth=Buch ... mit ... Kupffern versehen : , : ,,,,,,,,Histor. Einband: Pergament mit Druchbrucharbeit stark abgenutzt,,1,02
1003964591,L-1516-181274914,Afl,DBSM/M/Bö,Bö M 98,Bö M 98,P. Ouidij Nasonis uita per Aldum ex ipsius libris excerpta. Heroidum epistolae. Amorum libri 3. De arte amandi libri 3. De remedio amoris libri 2. De ,"3. : Quae Hoc Volumine Continentur: Annotationes in omnia Ovidii opera, Index fabularum, et caeterorum, quae insunt hoc libro secundum ordinem alphabeticum, Ovidii Metamorphoseon Libri XV",,,,,,,,Aldineneinband m. Dekoration n. Art gewiss. Groliereinbände,,1,02
100390307X,L-1828-181154064,Aal,DBSM/M/Bö,Bö M 99,Bö M 99,Quinti Horatii Flacci Opera : , : ,,,,,,,,,,1,02
1003922767,L-1755-181190990,Afl,DBSM/M/Bö,Bö M 100,Bö M 100,Kern der Kerkelyke Historie,Deeltje 1 - 2 : ,,,,,,e,,fehlt ohne Nachweis im Magazin,,1,02
100397788X,L-1550-181288893,Aal,DBSM/M/Bö,Bö M 101,Bö M 101,"Statvti della Honoranda Vniuersità de Mercatanti della Inclita Città di Bologna, Riformati lʹAnno M.D.L. : ", : ,,,,,,,,,,1,02
1066956618,L-1585-315487275,Aaf,DBSM/M/Boe,Bö M 102,Bö M 102,Der @Ander Teil|| aller deudscher B#[ue]cher vnd Schriff=||ten des thewren/ seligen Mans Gottes D. Mart. Lutheri/|| vom XXII. Jar an/ bis auff den ..., : ,,,,,,,,,,1,02
1066956979,L-1558-315487585,Aaf,DBSM/M/Boe,Bö M 103 - 2,Bö M 103 - 2,Der @Ander Teil|| aller B#[ue]cher vnd Schrifften ...|| Doct. Mart.Lutheri/ vom XXII|| Jar an/ bis auff den ... Abschied aus diesem|| Leben/ des ... H, : ,,,,,,,,,,1,02
1066957967,L-1558-315488603,Aaf,DBSM/M/Boe,Bö M 103 - 8,Bö M 103 - 8,Der @Achte Teil|| vnd letzte aller B#[ue]cher vnd Schriff||ten des thewren seligen Mans Gottes/ Doctoris Martini|| Lutheri/ vom XLII.Jar an/ bis auff , : ,,,,,,,,,,1,02
1003970656,L-1503-181281112,Aal,DBSM/M/Bö,Bö M 104 /4°,Bö M 104 /4°,MAgnencij Rabani|| Mauri De Laudib#[us] sancte Crucis|| opus. erudicione versu prosa#[que]|| mirificum.|| : , : ,,,,,,,,,,1,02
1138239534,L-9999-414745248,Qd,DBSM/M/Bö,Bö M 105,Bö M 105,Sammelband : , : ,,,,,,,,,,1,02
1003898033,L-1505-181148854,Aal,DBSM/M/Bö,Bö M 106/4°,Bö M 106/4°,Epistole ex registro beatissimi Gregorij pape primi. Cum inhibitione sanctissimi B.B. Iulij pape 2. sub pena excomunicationis late sententie : quam co, : ,,,,,,,,,,1,02
1066942137,L-1510-315469773,Aaf,DBSM/M/Boe,Bö M 107,Bö M 107,JN Gotz Namen Amen Kunt sy allen vnd yecklichen den ghenen die dit vnt|| gainwordige offenbare jnstrument sullen sien off hoeren lesen/ dat jn dem jar, : ,,,,,,,,,,1,02
1066956782,L-1524-315487402,Aaf,DBSM/M/Boe,Bö M 108,Bö M 108,"FLAVII IOSE||PHI HEBRAEI, HISTORIO-||graphi clariss. opera, ...|| recognita & castigata: ...|| Antiquitatum Iudaicarum li.XX.|| De bello Iudaico li.VI", : ,,,,,,,,,,1,02
100380232X,L-9999-18065022X,Aal,DBSM/M/Boe,Bö M 109/4°,Bö M 109/4°,"Aemylii Probi de Vita excellentium imperatorum, ad T. Pompomium Atticum : ", : ,,,,,,,,,,1,02
1003929311,L-1559-181198339,Aal,DBSM/M/Bö,Bö M 110/4°,Bö M 110/4°,"COMMENTARIORVM|| VRBANORVM RAPHAELIS VOLATER||RANI, OCTO ET TRIGINTA LIBRI, ACCVRATIVS QVA`M|| antehac excusi, praemissis eorundem Indicibus secundum ", : ,,,,,,,,hist. Einbd,,1,02
1003927556,L-1650-181196301,Afl,DBSM/M/Bö,"Bö M 111 - 1,2","Bö M 111 - 1,2","Jo. Petri Lotichii Rerum Germanicarum, sub Matthia, Ferdinandis II. & III. Impp. gestarum, libri LV.","1,2 : Liber XIX-LV",,,,,,,,hist. Einbd,,1,02
1003927602,L-1650-181196344,Afl,DBSM/M/Bö,"Bö M 111 - 2,1","Bö M 111 - 2,1","Jo. Petri Lotichii Rerum Germanicarum, Sub Matthia, Ferdinandis II. & III. Impp. gestarum, Libri .... Excurrens Libris LXII. Quibus Dicta, Factaque ..","2,1 : Liber I-XXX",,,,,,,,hist. Einbd,,1,02
100392767X,L-1650-181196417,Afl,DBSM/M/Bö,"Bö M 111 - 2,2","Bö M 111 - 2,2","Jo. Petri Lotichii Rerum Germanicarum, Sub Matthia, Ferdinandis II. & III. Impp. gestarum, Libri .... Excurrens Libris LXII. Quibus Dicta, Factaque ..","2,2 : Ab excessu Ferdinandi II. Imperatoris, Liber I-XXXII",,,,,,,,hist. Einbd,,1,02
1147901104,L-1525-427679788,Qd,DBSM/M/Bö,Bö M 112,Bö M 112,Sammelband mit Werken von Charles Du Moulin : , : ,,,,,,,,,,1,02
1132649072,L-9999-406966311,Af,DBSM/M/Bö,Bö M 113,Bö M 113,"OMNIA || D. BASILII MAGNI || ARCHIEPISCOPI CAESAREAE CAP/||PADOCIAE, QVAE EXTANT, OPERA, IVXTA ARGVMEN/||torum congruentiam in Tomos partita quatuor, ",1 : [I],,,,,,,,,,1,02
1132649080,L-9999-40696632X,Af,DBSM/M/Bö,Bö M 113,Bö M 113,"OMNIA || D. BASILII MAGNI || ARCHIEPISCOPI CAESAREAE CAP/||PADOCIAE, QVAE EXTANT, OPERA, IVXTA ARGVMEN/||torum congruentiam in Tomos partita quatuor, ",2 : Tomus secvndus,,,,,,,,,,1,02
1132649099,L-9999-406966338,Af,DBSM/M/Bö,Bö M 113,Bö M 113,"OMNIA || D. BASILII MAGNI || ARCHIEPISCOPI CAESAREAE CAP/||PADOCIAE, QVAE EXTANT, OPERA, IVXTA ARGVMEN/||torum congruentiam in Tomos partita quatuor, ",3 : Tomvs tertivs,,,,,,,,,,1,02
1132649102,L-9999-406966354,Af,DBSM/M/Bö,Bö M 113,Bö M 113,"OMNIA || D. BASILII MAGNI || ARCHIEPISCOPI CAESAREAE CAP/||PADOCIAE, QVAE EXTANT, OPERA, IVXTA ARGVMEN/||torum congruentiam in Tomos partita quatuor, ",4 : Tomvs qvartvs,,,,,,,,,,1,02
1003940358,L-1569-181209551,Aal,DBSM/M/Bö,Bö M 114 /4°,Bö M 114 /4°,"CHRONOLOGIA.|| HOC EST,|| TEMPORVM DE=||MONSTRATIO EXACTISSIMA, AB|| INITIO MVNDI, VSQVE AD ANNVM DOMI-||NI M.D.LXVIII. EX ECLIPSIBVS ET OBSERVATIONIB", : ,,,,,,,,hist. Einbd,,1,02
1066754675,L-1551-315177144,Aaf,DBSM/M/Boe,Bö M 115,Bö M 115,"POIESEIS OME-||RU AMPHO E TE ILIAS KAI E|| ODYSSEIA, YPO TE IAKOBU TU MIKYLLU|| kai Ioacheimu Kamerariou ...|| paraskeuastheisai.#=g|| OPVS VTRVMQVE H", : ,,,,,,,,,,1,02
1066936919,L-1578-315464747,Aaf,DBSM/M/Boe,Bö M 116,Bö M 116,"PRACTICA=||RVM OBSERVATIO=||NVM TAM AD PROCESSVM IVDICIARIVM|| PRAESERTIM IMPERIALIS CAMERAE, QVAM CAVSA-||RVM DECISIONES PERTINENTIVM,|| LIBRI DVO.||", : ,,,,,,,,,,1,02
1003971741,L-1507-181282208,Aal,DBSM/M/Bö,Bö M 117/4°,Bö M 117/4°,Croniche che tractano de la origine de Veneti. E del principio de la cita. E de tutte le guere da mare e terra facte in Italia Dalmacia Grecia e contr, : ,,,,,,,,,,1,02
1132643619,L-1538-406961050,Af,DBSM/M/Bö,Bö M 118,Bö M 118,"Omnia Qvotqvot Extant Divi Ambrosii Episcopi Mediolanensis Opera Cvm Per Des. Erasmvm Roterodamvm, Tvm per alios eruditos uiros, accurata diuersorum c",1. : ,,,,,,,,Mit hs. Eintr. u. Zeigehänden,,1,02
1132643627,L-1538-406961069,Af,DBSM/M/Bö,Bö M 118,Bö M 118,"Omnia Qvotqvot Extant Divi Ambrosii Episcopi Mediolanensis Opera Cvm Per Des. Erasmvm Roterodamvm, Tvm per alios eruditos uiros, accurata diuersorum c",2. : ,,,,,,,,Mit hs. Eintr. u. Zeichn.,,1,02
1132643635,L-1538-406961077,Af,DBSM/M/Bö,Bö M 118,Bö M 118,"Omnia Qvotqvot Extant Divi Ambrosii Episcopi Mediolanensis Opera Cvm Per Des. Erasmvm Roterodamvm, Tvm per alios eruditos uiros, accurata diuersorum c",3. : ,,,,,,,,Mit hs. Eintr. u. Zeichn.,,1,02
1066957258,L-1541-315487887,Aaf,DBSM/M/Bö,Bö M 119,Bö M 119,"CLAVDII PTO-||LEMAEI PELVSIENSIS ALEXANDRI-||NI OMNIA, QVAE EXTANT, OPERA, GEO-||graphia excepta, quam seorsim quo#[que] hac || forma impressimus.|| A", : ,,,,,,,,Holzschnitte altkoloriert,,1,02
1066849587,L-1521-315308605,Aaf,DBSM/M/Bö,Bö M 120,Bö M 120,"OPERA|| Q. SEPTIMII FLORENTIS TERTVL/||liani inter Latinos ecclesiae scriptores primi, sine quorum le||ctione nullum diem intermittebat olim diuus Cyp", : ,,,,,,,,,,1,01
1066957835,L-1510-31548845X,Aaf,DBSM/M/Boe,Bö M 121,Bö M 121,Euclidis Megarensis philosophi Platonicj mathematicarum disciplinarum Ianitoris Habent in hoc volumine quicumque ad mathematicam substantia aspirant: , : ,,,,,,,,,,1,02
1066942501,L-1521-315470119,Aaf,DBSM/M/Boe,Bö M 122,Bö M 122,HESYCHIU LEXIKON : , : ,,,,,,,,,,1,02
1003976174,L-1584-181286963,Aal,DBSM/M/Bö,Bö M 123/4°,Bö M 123/4°,CAROLI SIGONII|| Von Ge=||schichtenn des K#[oe]=||nigreichs Jtalie/ F#[ue]nffze=||hen B#[ue]cher.|| Jn sich begreiffend die|| Herrliche Historien vom , : ,,,,,,,,,,1,02
1003879004,L-1550-18112968X,Aal,DBSM/M/Bö,Bö M 124/4°,Bö M 124/4°,"Las @quatrocientas respuestas a otras tantas preguntas, quel Illustrissimo señor don Fadrique enrriquez Almira[n]te de Castilla y otras personas, embi", : ,,,,,,,,,,1,02
1148790519,L-9999-429339356,Qd,DBSM/M/Bö,Bö M 125,Bö M 125,Sammelband mit zwei Werken von Johannes Calvin : , : ,,,,,,,,,,1,02
1003897894,L-1743-181148749,Afl,DBSM/M/Bö,Bö M 126/4°,Bö M 126/4°,"Johann Ludwig Gottfrieds historische Chronik oder Beschreibung der merckwürdigsten Geschichte, so sich von Anfang der Welt bis auf das Jahr Christi 17",Theil 1[-8] : ,,,,,,,,,,1,02
1003872166,L-1738-181121697,Aal,DBSM/M/Bö,Bö M 127/4°,Bö M 127/4°,Tasbēṣ : ... šeʼelot u-tešuvot we-ḥiddušim be-feruse halak̲ot u-šemaʻtot u-fesaqim bi-šeloša qalaqim : ... Ḥuṭ ham-mešulaš, : ,,,,,,,,hist. Einbd.,,1,02
1138380075,L-9999-414986482,Qd,DBSM/M/Bö,Bö M 128/4°,Bö M 128/4°,Sammelband mit sechs Werken von Marcus Tullius Cicero : , : ,,,,,,,,Schenkung Kirchhoff; Kopie auf CD vorhanden,,1,02
1003867979,L-1531-181117096,Aal,DBSM/M/Bö,Bö M 129/4°,Bö M 129/4°,"Dits die excellente Cronike van Vlaenderen, beghinnende van Liederick Buc den eersten forestier ... tot desen onsen doorluchtichsten ... Keyser Karolo", : ,,,,,,,,,,1,02
1066957932,L-1581-315488573,Aaf,DBSM/M/Boe,Bö M 130,Bö M 130,"TOMVS SE=||CVNDVS OMNI=||VM OPERVM REVEREN=||di Patris,viri Dei, D.Mart.Luth. quae|| edidit ab anni vicesimi parte quadam|| vs´q; ad annum vicesimum q", : ,,,,,,,,,,1,02
1066962642,L-1528-315492988,Aaf,DBSM/M/Bö,Bö M 131,Bö M 131,"OPERA|| Q. SEPTIMII FLOREN-||TIS TERTVLLIANI INTER LATINOS ECCLESIAE|| scriptores primi, sine quoru lectione nullum diem intermittebat olim di/||uus C", : ,,,,,,,,,,1,02
100398861X,L-1796-181299720,Afl,DBSM/M/Bö,Bö M 133/4°,Bö M 133/4°,Leggi delle XII Tavole,Tom 1 : ,,,,,,,,hist. Einbd mit Wappen Pius VI,,1,02
100398908X,L-1790-181300168,Aal,DBSM/M/Bö,Bö M 134/4°,Bö M 134/4°,I @Pianti dʹelicona su la tomba di Teresa Ventura Venier : , : ,,,,,,,,,,1,02
1003925332,L-1707-181193744,Aal,DBSM/M/Bö,Bö M 135/4°,Bö M 135/4°,"Scriptores Rervm Brunsvicensium illvstrationi inservientes, antiqvi omnes et religionis reformatione priores: Opvs, in qvo nonnvlla chronica hvivs vic", : ,,,,,,,,,,1,02
1066960186,L-1551-430082444,Aal,DBSM/M/Bö,Bö M 137 - Fragm.,Bö M 137 - Fragm.,"RVDIMENTA|| Mathematica.|| Haec in duos digeruntur libros, quorum pri-||OR GEOMETRIAE TRADIT PRIN=||cipia seu prima elementa, unà cum rerum & uariarum", : ,,,,,,,,,,1,02
1003986471,L-1811-181297485,Aal,DBSM/M/Bö,Bö M 138/4°,Bö M 138/4°,Theokritu ta sozomena : , : ,,,,,,,,,,1,02
1003893422,L-1518-181144166,Aal,DBSM/M/Bö,Bö M 139/4°,Bö M 139/4°,"Prodictiones [!] siue pronostica Hyppocratis cum commentariis Claudii Galeni, interprete Laurentio Laurentiano florentino, viro clarissimo : ", : ,,,,,,,,,,1,02
1066956324,L-1518-315487011,Aaf,DBSM/M/Boe,Bö M 140,Bö M 140,Summa Jo/||annis gezogen ausz|| den Euangelien vnd Geystlichen|| vnd Weltlichen rechten/auß der|| ein yeglicher in seim standt/ be||riecht nemen mag//, : ,,,,,,,,,,1,02
100396219X,L-1509-181272512,Aal,DBSM/M/Bö,Bö M 141/4°,Bö M 141/4°,Petri Montii exercitiorum atque artis militaris collectanea in tris libros distincta : , : ,,,,,,,,,,1,02
1003867448,L-1519-181116448,Aal,DBSM/M/Bö,Bö M 142/4°,Bö M 142/4°,Scholastica historia magistri|| Petri comestoris: sacre scri||pture seriem breuem ni=||mis:et expositam ex||ponentis|| : , : ,,,,,,,,,,1,02
1003879144,L-1774-181129817,Aal,DBSM/M/Bö,Bö M 143/4°,Bö M 143/4°,"DellʹOrigine e delle regole della musica colla storia del suo progresso, decadenza, e rinnovazione : ", : ,,,,,,,,hist. Einbd,,1,02
1003868134,L-1701-181117355,Aal,DBSM/M/Bö,Bö M 144/4°,Bö M 144/4°,Philippiques de Demosthene avec des remarques : , : ,,,,,,,,hist. Einbd,,1,02
1003914896,L-1740-181182173,Afl,DBSM/M/Bö,Bö M 145/4°,Bö M 145/4°,"La @Religion, chrétienne prouvée par les faits",Tome 3 : ,,,,,,,,hist. Einbd,,1,02
1149267690,L-9999-430200986,Qd,DBSM/M/Bö,Bö M 146,Bö M 146,Sammelband mit zwei Werken von Hector Pinto : , : ,,,,,,,,,,1,02
1003868142,L-1594-181117371,Aal,DBSM/M/Bö,Bö M 147/4°,Bö M 147/4°,"EVROPAE|| TOTIVS ORBIS TER=||RARVM PARTIS PRAE=||STANTISSIMAE, VNI=||VERSALIS ET PARTI=||CVLARIS DESCRIPTIO|| Aere potes paruo Regiones visere multas|", : ,,,,,,,,"restauriert, Karte ""Misnia"" (Tafel 10) fehlt, muss bereits vor der Restaurierung nicht mehr vorhanden gewesen sein",,1,02
1003989993,L-1500-181300982,Aal,DBSM/M/Bö,Bö M 148,Bö M 148,Publij Uergilij Maronis|| Mãtuani vatis Bucolica|| : , : ,,,,,,,,"[letztes Bl. beschädigt, ev. fehlt Impressum]; beiliegend Kopie der UB Leipzig, bei der auf letzten Bl. Druckermarke von M. Landsberg ist; Mit umfangr. hs. Eintr.auf Titelbl. r.+v.,z ahlr. hs. Randbemerkungen u. Interlineareintr.",,1,02
1003966713,L-1512-181277131,Afl,DBSM/M/Bö,Bö M 149/4°,Bö M 149/4°,Omnium Angeli Politiani operum (que quidem extare nouimus) Tomus ...,Tomus 1-2 : ,,,,,,,,"hist. Ebd, dat. 1557; m. Ottheinrich-Platte",,1,02
1066961565,L-1544-315491957,Aaf,DBSM/M/Boe,Bö M 151,Bö M 151,"SOPHOKLEUS|| TRAGODIAI HEPTA ME-||ta scholion palaion kai pany ophelimon.||SOPHOCLIS TRAGOE/||DIAE SEPTEM, CVM INTER=||pretationibus uetustis et ualde", : ,,,,,,,,"Titelbl. fehlt, unvollst.",,1,02
1003805450,L-1763-180653520,Aal,DBSM/M/Boe,Bö M 152/8°,Bö M 152/8°,"R. P. Laurentii Alticotii Cortonensis Soc. Jesu presbyteri dissertatio historico-critica de antiquis, novisque Manichaeis : ", : ,,,,,,,,,,1,02
1003800963,L-1523-180649000,Aal,DBSM/M/Boe,Bö M 153/8°,Bö M 153/8°,Miknē Avrām : Grammatica hebraea una cum latino nuper edita, : ,,,,,,,,,,1,02
100385639X,L-1569-181085224,Aal,DBSM/M/Bö,Bö M 154/8°,Bö M 154/8°,Institvtio christianae religionis : , : ,,,,,,,,,,1,02
1003803210,L-1558-180651005,Aal,DBSM/M/Boe,Bö M 156/8°,Bö M 156/8°,"Co. Io. Hieronymi Albani equitis, et juris V. Consulti, ac Serenissimi Venetorum Dominii Collateralis Generalis, libri de potestate pape et concilii s", : ,,,,,,,,Buchblock 1965 stark restauriert (im siedenden Bad behandelt),,1,02
1003972012,L-1515-181282518,Aal,DBSM/M/Bö,Bö M 157/4°,Bö M 157/4°,"Historia Hebreo/||rum ex elegãtissimis Marci Antonij Coccij Sabellici Enneadi||bus excerpta, eius gentis ritus/ leges & gesta, ab orbe cõdito,|| ad Ie", : ,,,,,,,,,,1,02
100396740X,L-1518-181277891,Afl,DBSM/M/Bö,Bö M 158/8°,Bö M 158/8°,Joannis Joviani Pontani Opera omnia soluta oratione composita,(1.) : De obedientia libri V. De fortitudine libri II. Liber De principe. Liber de liberalitate. Liber de beneficentia. Liber de magnificentia. Liber de splendore. Liber de conuiuentia. De prudentia libri V. De magnanimitate libri II. De fortuna libri III. Liber de immanitate.,,,,,,,,,,1,02
1003967558,L-1518-181278022,Afl,DBSM/M/Bö,Bö M 158/8°,Bö M 158/8°,Joannis Joviani Pontani Opera omnia soluta oratione composita,(2.) : De aspiratione libri duo ; Charon dialogus ; Antonius dialogus ; Actius dialogus ; Aegidius dialogus ; Asinus dialogus ; De sermone libri sex ; Belli quod Ferdinandus senior Neapolitanus ... gessit libri sex,,,,,,,,,,1,02
1003967639,L-1518-18127809X,Afl,DBSM/M/Bö,Bö M 158/8°,Bö M 158/8°,Joannis Joviani Pontani Opera omnia soluta oratione composita,(3.) : Centum Ptolemaei Sententiae,,,,,,,,,,1,02
1066959102,L-1545-315489723,Aaf,DBSM/M/Boe,Bö M 159,Bö M 159,Die @Ordnung vber gemainer|| Lanndtschafft in Bayrn auff=||gerichte Hanndtuesst. Tausent|| Fünffhundert vnd im sechzehen=||den jar// zu Jngolstat besc, : ,,,,,,,,,,1,02
1066963681,L-1531-315493925,Aal,DBSM/M/Bö,Bö M 160,Bö M 160,Ain @laijsche/ anzaigung/ So|| allen Lanndtsässen/ vnd denen/ die #[oe]rdennlich/ oder beuolhen/|| oberkait haben/ als Hofmarch/ vnd gerichtsherren/ P, : ,,,,,,,,,,1,02
1066963258,L-1529-315493526,Aal,DBSM/M/Bö,Bö M 161,Bö M 161,Hierinn stadt geschriben vnd|| ist begriffen die ordnung/ erkantnuß/ gebott/ vnd|| Christenlich verbesserung/ von vns Burgermeyster klein vnd gros||se, : ,,,,,,,,,,1,02
1003983707,L-1500-181294818,Aal,DBSM/M/Bö,Bö M 162,Bö M 162,Taxe sacre Penitentiarie apostolice incipiunt : , : ,,,,,,,,,,1,02
365094137,L-1825-167703102,Aal,DBSM/M/Bö,Bö M 164,Bö M 164,Rheinisches Staedtebuch oder getreue Abbildung von 50 Städten ... wie sie solche ... v. Merian naturgetreu aufgenommen sind : Mit kurzen hist. Notizen, : ,,,,,,,,,,1,02
1003889107,L-1496-181139871,Aal,DBSM/M/Bö,Bö M 165 - Fragm.,Bö M 165 - Fragm,Chirii Consulti Fortunatiani Dialectica : , : ,,,,,,,,,,1,02
1003866190,L-1803-181114879,Afl,DBSM/M/Bö,Bö M 166/8°,Bö M 166/8°,"Premiers Élémens de la langue française, ou grammaire usuelle et complette, ...",T. 1. : ,,,,,,,,"hist. Einbd.; Franz. Ledermosaik-Einbd; restauriert 1968, Restaurierungsbericht liegt bei",,1,02
1125890789,L-1803-396381138,Afl,DBSM/M/Bö,Bö M 166/8°,Bö M 166/8°,"Premiers Élémens de la langue française, ou grammaire usuelle et complette, ...",T. 2. : ,,,,,,,,hist. Einbd.; Franz. Ledermosaik-Einbd.,,1,02
1003867332,L-1561-181116332,Aal,DBSM/M/Bö,Bö M 167/4°,Bö M 167/4°,Polygraphie et universelle escriture cabalistique : , : ,,,,,,,,,,1,02
1066799075,L-1599-315219165,Aaf,DBSM/M/Boe,Bö M 168,Bö M 168,CONTINVATOR// TEMPORIS QVIN=//QVENNALIS.// Das ist:// Fünffjäriger Histori Er=//zehlung// ander// dritter vnnd vierdter Theil//// sampt warhafftiger B, : ,,,,,,,,,,1,02
1223000702,L-1546-704952866,Qd,DBSM/M/Bö,Bö M 169,Bö M 169,Sammelband : , : ,,,,,,,,,,1,02
1003855229,L-1522-181084155,Aal,DBSM/M/Bö,Bö M 170,Bö M 170,"Gvillielmi Bvdaei Parisiensis Se||cretarij Regij libri V. de Asse, & partib. eius : ", : ,,,,,,,,,,1,02
100386712X,L-1509-181116014,Aal,DBSM/M/Bö,Bö M 171/8°,Bö M 171/8°,Marci Tullii Ciceronis quaestionum Tusculanarum libri 5 : , : ,,,,,,,,,,1,02
1003921965,L-1729-181190176,Aal,DBSM/M/Bö,Bö M 172/8°,Bö M 172/8°,Christlicher Seelen-Schatz Außerlesener Gebetter : , : ,,,,,,,,hist. Einbd.,,1,02
1066963134,L-1559-315493410,Aal,DBSM/M/Bö,Bö M 174,Bö M 174,"EX ACTIS SYNODICIS ET ALIIS|| DILIGENTER ET FIDELI=||TER COLLECTA|| EXPOSITIO|| EORVM, QVAE THEO=||LOGI ACADEMIAE VVITEBER=||gensis et harum Regionum ", : ,,,,,,,,,,1,02
1137965673,L-9999-414281322,Qd,DBSM/M/Bö,Bö M 175,Bö M 175,Sammelband Reformationsschriften : , : ,,,,,,,,,,1,02
1003965652,L-1724-181275988,Aal,DBSM/M/Bö,Bö M 176/8°,Bö M 176/8°,"Director spiritualis, seu modus dirigendi animas in via perfectionis christianae ... : ", : ,,,,,,,,,,1,02
1003919650,L-1777-181187280,Aal,DBSM/M/Bö,Bö M 177/8°,Bö M 177/8°,"Grüssauisches Josephbuch, welches zu Vermehrung der Andacht gegen die heilige erschaffene Dreyfaltigkeit Jesus, Maria, Joseph, und zu sonderbarem Gebr", : ,,,,,,,,hist. Einbd,,1,02
1003922198,L-1613-397300867,Aal,DBSM/M/Bö,Bö M 178,Bö M 178,Ander Theil der zwölff Andachten/ Darinnen begriffen/ die Geistliche Kampffschul : Welcher massen ein Christlicher Ritter/ durch hülff und beystand Go, : ,,,,,,,,,,1,02
1003915280,L-1769-181182572,Aal,DBSM/M/Bö,Bö M 179/8°,Bö M 179/8°,"Pensées théologiques, relatives aux erreurs du temps : ", : ,,,,,,,,,,1,02
1003963382,L-1676-181273721,Aal,DBSM/M/Bö,Bö M 180/8°,Bö M 180/8°,L ʹ@Officio di Maria vergine madre di Dio : Trasportato dalla latina allʹitaliana lingua per comandamento della Sacra Cesarea Real Maestra di Eleonora, : ,,,,,,,,,,1,02
1066870926,L-1535-315328800,Aaf,DBSM/M/Boe,Bö M 181,Bö M 181,"DIOGENIS|| LAERTII CLARISSIMI HISTO-||rici de uita, & moribus philosophorum li-||bri decem, nouissime iam post oēs omnium|| castigationes noua diligen", : ,,,,,,,,,,1,02
1003968511,L-1522-181279061,Aal,DBSM/M/Bö,Bö M 182,Bö M 182,Sefer Tehillim : [Gebetbuch. 150 Abschn. für Tage der Woche], : ,,,,,,,,hinterer Vorsatz u. 11 leere Bl. v. gleichen Bogen m. Wasserzeichen: Gans oder Ente nach rechts in Kreis; darüber: P; darunter: F.,,1,02
1003925723,L-1855-181194139,Afl,DBSM/M/Bö,Bö M 183/8°,Bö M 183/8°,G[otthold] E[phraim] Lessingʹs gesammelte Werke,Bd. 6. : ,,,,,,,,,,1,02
1003921752,L-1801-18118981X,Afl,DBSM/M/Bö,Bö M 184,Bö M 184,Kalender des Hochadelichen Baierischen Hausritterordens der Beschützer Göttlicher Ehre unter dem Schutze des Heiligen Erzengels Michael,1801 : ,,,,,,,,,,1,02
1003804497,L-1826-180652605,Afl,DBSM/M/Bö,Bö M 185/8°,Bö M 185/8°,Almanach des muses,1827 : ,,,,,,,,,,1,02
1003924220,L-1802-181192608,Afl,DBSM/M/Bö,Bö M 186/8°,Bö M 186/8°,Laure ou lʹAmour et les systèmes,Tome 1 : ,,,,,,,,,,1,02
1126761974,L-1802-397569424,Afl,DBSM/M/Bö,Bö M 186/8°,Bö M 186/8°,Laure ou lʹAmour et les systèmes,Tome 2 : ,,,,,,,,,,1,02
1126762180,L-1802-397569483,Afl,DBSM/M/Bö,Bö M 186/8°,Bö M 186/8°,Laure ou lʹAmour et les systèmes,Tome 3 : ,,,,,,,,,,1,02
1126762407,L-1802-397569602,Afl,DBSM/M/Bö,Bö M 186/8°,Bö M 186/8°,Laure ou lʹAmour et les systèmes,Tome 4 : ,,,,,,,,,,1,02
1126762563,L-1802-397569718,Afl,DBSM/M/Bö,Bö M 186/8°,Bö M 186/8°,Laure ou lʹAmour et les systèmes,Tome 5 : ,,,,,,,,,,1,02
100396401X,L-1534-181274337,Afl,DBSM/M/Bö,Bö M 187/8°,Bö M 187/8°,[Werke],[1.] : P[ublii] Ovidii Nasonis Fastorum libri,,,,,,,,defekt,,1,02
1003964117,L-1534-181274450,Afl,DBSM/M/Bö,Bö M 187/8°,Bö M 187/8°,[Werke],[2.] : P[ublii] Ovidii Nasonis Epistolarum Heroidum liber,,,,,,,,defekt,,1,02
1066963495,L-1581-315493747,Aaf,DBSM/M/Boe,Bö M 188,Bö M 188,"HESIODI|| ASCRAEI OPERA,|| Quae quidem extant, omnia|| Graecè, cum interpretatione Latina ere-||gionè, vt conferri à Graecae linguae|| studiosis citra", : ,,,,,,,,,,1,03
1066963495,L-1581-315493739,Aaf,DBSM/M/Boe,Bö M 188 a,Bö M 188 a,"HESIODI|| ASCRAEI OPERA,|| Quae quidem extant, omnia|| Graecè, cum interpretatione Latina ere-||gionè, vt conferri à Graecae linguae|| studiosis citra", : ,,,,,,,,,,1,02
1003868045,L-1739-181117169,Aal,DBSM/M/Boe,Bö M 189/8°,Bö M 189/8°,Q[uinti] Curtii Rufi de Rebus gestis Alexandri Magni historia : , : ,,,,,,,,,,1,02
1003969941,L-1537-181280396,Afl,DBSM/M/Bö,Bö M 190 - 1,Bö M 190 - 1,Officinae Joannis Ravisii Textoris Nivernensis historicis poeticis ... pars ...,Pars 1 : ,,,,,,,,,,1,02
1003969968,L-1537-181280418,Afl,DBSM/M/Bö,Bö M 190 - 2,Bö M 190 - 2,Officinae Joannis Ravisii Textoris Nivernensis historicis poeticis ... pars ...,Pars 2 : ,,,,,,,,,,1,02
1003969658,L-1537-181280124,Afl,DBSM/M/Bö,Bö M 190 - 3,Bö M 190 - 3,Officinae Joannis Ravisii Textoris Nivernensis historicis poeticis ... pars ...,"[3] : Joannis Ravissi Textoris Nivernensis Cornucopiae, quo continentur locadiversis rebus per orbem abundantia, ...",,,,,,,,,,1,02
100386824X,L-1644-181117525,Aal,DBSM/M/Bö,Bö M 192/°,Bö M 192/°,Didymi Hermannovillani Disquisitiones ubiquisticae sive de Christo contra ubiquistas aliosque; ... : , : ,,,,,,,,hist. Ebd.,,1,02
1003977332,L-1756-18128829X,Afl,DBSM/M/Bö,Bö M 193/8°,Bö M 193/8°,"Mémoires de Madame de Staal, écrits par ellemême ou Anecdotes de la Régence",1 : ,,,,,,,,,,1,02
1003977359,L-1756-181288303,Afl,DBSM/M/Bö,Bö M 193/8°,Bö M 193/8°,"Mémoires de Madame de Staal, écrits par ellemême ou Anecdotes de la Régence",2 : ,,,,,,,,,,1,02
1003977383,L-1756-18128832X,Afl,DBSM/M/Bö,Bö M 193/8°,Bö M 193/8°,"Mémoires de Madame de Staal, écrits par ellemême ou Anecdotes de la Régence",3 : ,,,,,,,,,,1,02
1003977391,L-1756-181288354,Afl,DBSM/M/Bö,Bö M 193/8°,Bö M 193/8°,"Mémoires de Madame de Staal, écrits par ellemême ou Anecdotes de la Régence",4. : Oeuvres,,,,,,,,,,1,02
1003971288,L-1802-181281686,Aal,DBSM/M/Bö,Bö M 195/8°,Bö M 195/8°,"Väterliche Winke an junge Frauenzimmer über ihre Bestimmung als Mädchen, Gattinnen, Hausfrauen und Mütter : allen edlen Töchtern Deutschlands gewidmet", : ,,,,,,,,,,1,02
1003970222,L-1753-181280698,Afl,DBSM/M/Bö,Bö M 197/8°,Bö M 197/8°,"Anecdotes historiques, militaires et politiques de lʹélevation de Charles-Quint au thrône de lʹempire, jusquʹau traité dʹAix-la-Chapelle en 1748",T. 1 : ,,,,,,,,,,1,02
1003970249,L-1753-181280701,Afl,DBSM/M/Bö,Bö M 197/8°,Bö M 197/8°,"Anecdotes historiques, militaires et politiques de lʹélevation de Charles-Quint au thrône de lʹempire, jusquʹau traité dʹAix-la-Chapelle en 1748",T. 2 : ,,,,,,,,hist. Ebd,,1,02
100389867X,L-1774-181149494,Afl,DBSM/M/Bö,Bö M 198/8°,Bö M 198/8°,Les @Causes du bonheur public ,Tome 1 : ,,,,,,,,,,1,02
1003961193,L-1793-181271494,Afl,DBSM/M/Bö,Bö M 199/8°,Bö M 199/8°,Der @neue teutsche Merkur,Dritter Band : ,,,,,,,,,,1,02
100396205X,L-1718-181272377,Afl,DBSM/M/Bö,Bö M 200/8°,Bö M 200/8°,Les @Oeuvres de monsieur de Molière [Poquelin dit],Tom. 4 : ,,,,,,,,,,1,02
1003866549,L-1836-181115247,Aal,DBSM/M/Bö,Bö M 202/8°,Bö M 202,Bunte Scenerien aus dem Menschenleben : ein Bilderbuch ganz neuer Art, : ,,,,,,,,"Anhaltspunkt für Wertermittlung: auf der Ketterer Auktion 418, Wertvolle Bücher am 17./18.11.2014 in Hamburg, Lot 636, wurden 2 Bilder für 1800,00 EUR versteigert",,1,02
1005798427,L-9999-185140637,Aal,DBSM/M/Bö,Bö M 203/8°,Bö M 203/8°,Liber proverbiorum : Ecclesiastes ; Canticum canticorum Salomonis ; Liber sapientiae ; in ecclesiasticum Jesu filii Sirach prologus ; Ecclesiasticus, : ,,,,,,,,Titelbl. fehlt; Vermutl. franz. Druck d. späten 17. Jh. in hist. Einbd. mit Fugger-Wappen,,1,02
1003970923,L-1579-181281325,AFl,DBSM/M/Bö,Bö M 204/8°,Bö M 204/8°,Antonii Riccoboni Rhodigini de Historia liber : cum fragmentis historicorum veterum latinorum ... ab eodem collectis & auctis, : ,,,,,,,,,,1,02
1003825265,L-1585-18105275X,Af,DBSM/M/Bö,Bö M 205/8°,Bö M 205/8°,"Aristotelis ... operum omnium pars prima [-septima], quam Logicam, seu organum appellant: cui addidimus argumenta, ac potius paraphrases, & annotation","2. : Aristotelis Stagiritae Rhetoricorvm ad Theodect. libri III Quos Carolus Sigonius, & M. Anton. Maioragius vertebat. De rhetorica ad Alexan. lib. De arte poetica liber. Argumenta distributionis methodicae, et explanationes ex Ioan. Mar. scriptis in tres priores lib. Cum proprio indice",,,,,,,,hist. Einbd v. 1604,,1,02
1003964966,L-1545-181275287,Aal,DBSM/M/Bö,Bö M 206/8°,Bö M 206,"De discorsi del reuerendo monsignor Francesco Patritij sanese vescouo gaiettano, sopra alle cose appartenenti ad una città libera, e famiglia nobile; ", : ,,,,,,,,,,1,02
1003991246,L-1770-181302314,Aal,DBSM/M/Bö,Bö M 207/8°,Bö M 207/8°,Sōkratēs Mainomenos oder die Dialogen des Diogenes von Sinope : aus einer alten Handschrift, : ,,,,,,,,,,1,02
1003936539,L-1560-181205858,Aal,DBSM/M/Bö,Bö M 208/8°,Bö M 208/8°,"M. Val. Martialis Epigrammaton libri XIIII : ex fide vetustissimorum exemplarium, quanta fieri potuit cura vigilatiaq., nunc recens emendati", : ,,,,,,,,,,1,02
1066844291,L-1506-315303808,Aaf,DBSM/M/Boe,Bö M 209,Bö M 209,Autoritates notabiles|| De castitate et moribus gregori#[us] ambrosi#[us]|| Hic pius hic iustus|| augustin#[us] hieronymus|| Hic mistic#[us] hic#[que], : ,,,,,,,,"Rubriziert, Holzschn. koloriert",,1,02
1003826415,L-1595-181054167,Aal,DBSM/M/Bö,Bö M 210/8°,Bö M 210/8°,"D. Magni Ausonii ... opera, ex recognitione Iosephi Scaligeri : ", : ,,,,,,,,,,1,02
1003872751,L-1600-181122391,Aal,DBSM/M/Bö,Bö M 211/8°,Bö M 211/8°,"Le @Table allievr des reportes del tresreuerend Iudge Sir Ia. Dyer Chiualer, ... : ", : ,,,,,,,,"restauriert 1969 (defekter Einband ersetzt, Verschmutzungen und Wasserränder beseitigt, Bericht liegt im Objekt)",,1,02
1003801838,L-1680-180649809,Aal,DBSM/M/Boe,Bö M 212/8,Bö M 212/8,"Abdias hayerên. Id est: Obadias ArmenusQuo, Cum Analysi Vocum Armenicarum Grammatica, & Collatione Versionis Armenicae cum Fontibus, aliisque, maximam", : ,,,,,,,,,,1,02
1003966098,L-1520-181276496,Aal,DBSM/M/Bö,Bö M 213/8°,Bö M 213/8°,"Brevissima maxmieque [!] compendiaria co[n]ficiendarum epistolarum formula : studiosae juventuti admodum utilis ; ac necessaria, nunc primum typis exc", : ,,,,,,,,,,1,02
1066956480,L-1501-315487151,Aaf,DBSM/M/Boe,Bö M 215,Bö M 215,Erariu aureum|| poetaru omnibus latine lingue. cuiusou#[que] eti fa||cultatis fuerint. professoribus accńmodu. immo|| et oim poetaru sine ipsis cńm?ta, : ,,,,,,,,,,1,02
1003866573,L-1588-181115271,Aal,DBSM/M/Bö,Bö M 216,Bö M 216,Dauidis Chytraej|| CHRONICON|| SAXONIAE|| & vicini orbis Arctoj.|| PARS PRIMA.|| Ab anno Christi 1500.|| vs#[que] ad 1524.|| CVM INDICE.|| : , : ,,,,,,,,,,1,02
1066942153,L-1520-31546979X,Aaf,DBSM/M/Boe,Bö M 217,Bö M 217,Dialogi|| pueriles Christo=||phori Hegẽdorf=||fini.|| : , : ,,,,,,,,,,1,02
1066957134,L-1520-315487747,Aaf,DBSM/M/Boe,Bö M 218,Bö M 218,Contra Romanistam fratrem|| Augustinu Alueldeñ. Fran=||ciscanu Lipsicu Canonis|| Biblici publicu lictor? #[et]|| tortor? eiusdem. F.|| Jones Lonice=||, : ,,,,,,,,,,1,02
1066962839,L-1536-315493135,Aaf,DBSM/M/Boe,Bö M 219,Bö M 219,"IOAN#||NIS LVDOVICI VI||uis Valentini, de Disciplinis|| Libri XX. in tres Tomos|| distincti ...|| Cum indice nouo ...|| : ", : ,,,,,,,,,,1,02
1137888385,L-9999-414171063,Qd,DBSM/M/Bö,Bö M 220,Bö M 220,Sammelband : , : ,,,,,,,,,,1,02
1066960380,L-1559-31549087X,Aaf,DBSM/M/Boe,Bö M 224,Bö M 224,"DE HERBA||RVM VIRTVTIBVS AE=||MILII MACRI VERONENSIS ELE-||gantissima poësis, cum succincta admo=||dum difficilium & obscurorum locorum,|| D.Georgij P", : ,,,,,,,,"Mit hs. Eintr.; Exlibris: O.J, Motto ""Inter folia fructus""",,1,02
1138315451,L-9999-414832426,Qd,DBSM/M/Bö,Bö M 225,Bö M 225,Sammelband : , : ,,,,,,,,,,1,02
1066963959,L-1579-315494166,Aaf,DBSM/M/Boe,Bö M 227,Bö M 227,"Ein @Nye|| Christlick vnde|| n#[ue]tte B#eede=||b#[oe]ck.|| Vth den Olden Lerers|| der Kercken/ Alse Augustino Am=||brosio, Cypriano, Cyrillo, Bern-||", : ,,,,,,,,,,1,02
1003840019,L-1551-181068729,Aal,DBSM/M/Bö,Bö M 228/8°,Bö M 228/8°,"I @casi de gli huomini illustri opera di m. Giouan Boccaccio partita in noue libri ne quali si trattano molti accidenti di diuersi prencipi, incominci", : ,,,,,,,,,,1,02
1137971231,L-9999-414284461,Qd,DBSM/M/Bö,Bö M 229,Bö M 229,Sammelband : , : ,,,,,,,,,,1,02
1066963010,L-1562-315493283,Aaf,DBSM/M/Boe,Bö M 230,Bö M 230,Vergilij|| Maronis dreyze||hen B#[ue]cher von dem|| tewren Helden Enea/|| was der zu Wasser vnnd|| Land bestanden.|| Jetzund von newem wi=||derumb vbe, : ,,,,,,,,,,1,02
1003893554,L-1526-181144301,Aal,DBSM/M/Bö,Bö M 231/8°,Bö M 231/8°,"GALENI PER||GAMENSIS, MEDICO||rum omniu ferè princi=||pis, de sanitate tuenda li||bri sex, interprete Tho=||ma Linacro Anglo: é#[que] : ", : ,,,,,,,,hist. Einbd,,1,02
1066941203,L-1526-315468920,AaB,DBSM/M/Bö,Bö M 232,Bö M 232,A. GELLII LV||CVLENTISSIMI SCRI-||PTORIS NOCTES|| ATTICAE.|| (ANNOTA/||TIONES PETRI MOSELLA/||ni Protogensis in clarissimas|| Auli Gellij Noctes|| Att, : ,,,,,,,,,,1,02
1003890490,L-1750-181141159,Aal,DBSM/M/Bö,Bö M 233/8°,Bö M 233/8°,Mémoires pour servir a lʹhistoire de Brandebourg : , : ,,,,,,,,hist. Einbd,,1,02
1003868525,L-1679-181117843,Aal,DBSM/M/Boe,Bö M 234/8°,Bö M 234/8°,Mémoires pour servir a lʹhistoire des plantes : , : ,,,,,,,,hist. Einbd,,1,02
100393904X,L-1564-181208350,Afl,DBSM/M/Bö,Bö M 235/8°,Bö M 235/8°,"In M. T. Ciceronis epistolas, quae familiares vocantur, argumenta ...","Tom 2 : IN M. T. CICE=||RONIS EPISTOLAS,|| QVAE FAMILIARES VOCAN-||TVR, ARGVMENTA, QVAE TVM ORDI-||nem scriptorum, & seriem Historiarum,|| tum locos Rhetoricos complectuntur, ex",,,,,,,,Schenkg Kirchhoff; defekt,,1,02
100382594X,L-1502-181053624,Afl,DBSM/M/Bö,Bö M 236/8,Bö M 236/8,Opuscula divi Augustini longe prestantissima,Pars 1 : ,,,,,,,,[hs.],,1,02
1003826016,L-1502-181053683,Afl,DBSM/M/Bö,Bö M 236/8°,Bö M 236/8°,Opuscula divi Augustini longe prestantissima,Pars 2 : Secunda pars opusculo[rum] Diui Augustini qua haec continentur,,,,,,,,,,1,02
1137894911,L-9999-414174321,Qd,DBSM/M/Bö,Bö M 237,Bö M 237,Sammelband : , : ,,,,,,,,,,1,02
1066963355,L-1544-315493615,Aaf,DBSM/M/Boe,Bö M 238,Bö M 238,"ARISTOTELIS|| DE REPV||BLICA, QVI POLITICO-||rum dicuntur, libri VIII. à IOA-||chimo Perionio Cormoeriace-||no nuper latinitate|| donati,|| AD FRANCIS", : ,,,,,,,,,,1,02
1066865639,L-1599-315323914,Aaf,DBSM/M/Boe,Bö M 239,Bö M 239,"HISTORIAE|| PHILIPPI|| COMINAEI, EQVITIS|| AVRATI,|| Continentes res, quae olim inter : ", : ,,,,,,,,,,1,02
100385656X,L-1544-181085437,Aal,DBSM/M/Bö,Bö M 240,Bö M 240,"HISTORIA|| VITAE FORTVNAEQVE AESO=||PI, CVM FABVLIS ILLIVS|| pluribus quingentis, et alijs quibusdam narra=||tionibus, compositis studio et diligentia", : ,,,,,,,,,,1,02
1138366714,L-9999-414893476,Qd,DBSM/M/Bö,Bö M 241,Bö M 241,Sammelband : , : ,,,,,,,,,,1,02
1066674566,L-1544-315063084,Aaf,DBSM/M/Boe,Bö M 242,Bö M 242,"VALERII|| MAXIMI FACTO-||RVM DICTORVMQVE|| memorabilium Libri Nouem.|| PRAETEREA CAII TITII|| Probi, in Decimum Lib. huius Ope=||ris, Epitome, etc.|| ", : ,,,,,,,,,,1,02
1003988792,L-1544-18129995X,Aal,DBSM/M/Bö,Bö M 242/8°,Bö M 242/8°,"Valerii Maximi factorum, ac dictorum memorabilium, libri 9 : ", : ,,,,,,,,Titelbl. fehlt,,1,02
1138240583,L-9999-414746074,Qd,DBSM/M/Bö,Bö M 243,Bö M 243,Sammelband mit Werken von Johann Huttich : , : ,,,,,,,,,,1,02
1066786240,L-1546-315207841,Aaf,DBSM/M/Boe,Bö M 244,Bö M 244,Apollōniu tu Rodiu Argonautika ... : , : ,,,,,,,,,,1,02
106686943X,L-1561-315327413,Aaf,DBSM/M/Boe,Bö M 245,Bö M 245,"Gregorii Tvronici Historiæ Francorum libri decem : In quibus non solum Francorum res gestae, sed etiam Martyrum cum fidelibus bella, et Ecclesiae cum ", : ,,,,,,,,,,1,02
1003898483,L-1553-18114929X,Aal,DBSM/M/Bö,Bö M 246/8°,Bö M 246/8°,"D. Gregorii Nyssae pontificis, Magni Basilii fratris, Doctissimus in hexaemeron commentarius. Aliquot tum eiusdem, tum aliorum auctorum orationes pulc", : ,,,,,,,,,,1,02
1003866670,L-1567-181115379,Aal,DBSM/M/Bö,Bö M 247/8°,Bö M 247/8°,"M[arci] Tullii Ciceronis epistolae, ad Atticum, ad Brutum, ad Q. fratrem : ", : ,,,,,,,,,,1,02
1003866999,L-1715-181115840,Aal,DBSM/M/Bö,Bö M 248/8°,Bö M 248/8°,M[arci] Tullii Ciceronis orationes selectae : cum notis, : ,,,,,,,,Schenkg Kirchhoff,,1,02
1003867383,L-1592-181116391,Aal,DBSM/M/Bö,Bö M 249/8°,Bö M 249/8°,Comes rusticus ex optimis latinae linguae scriptoribus excerptus : , : ,,,,,,,,"vorhandene Taf.: Laurentinum II, III, Tuscorum II, III",,1,02
997387564,L-1683-163759405,Aal,DBSM/M/Bö,Bö M 251,Bö M 251,Hevres Nouvelles : dédiées à Monseignevr Dauphin, : ,,,,,,,,,,1,02
1003893554,L-1526-306836645,Aal,DBSM/M/Boe,Bö M 253,Bö M 253,"GALENI PER||GAMENSIS, MEDICO||rum omniu ferè princi=||pis, de sanitate tuenda li||bri sex, interprete Tho=||ma Linacro Anglo: é#[que] : ", : ,,,,,,,,,,1,03
1003892930,L-1547-181143666,Aal,DBSM/M/Bö,Bö M 254/8°,Bö M 254/8°,Clavdii Galeni De simplicivm medicamentorvm facvltatibvs libri XI : , : ,,,,,,,,,,1,02
1003893333,L-1547-181144085,Aal,DBSM/M/Bö,Bö M 255/8°,Bö M 255/8°,"Cl[audii] Galeni Methodi medendi, vel de morbis curandis libri 14 : ", : ,,,,,,,,,,1,02
1003900801,L-1611-181151618,Aal,DBSM/M/Bö,Bö M 256/8°,Bö M 256/8°,Heliodori Aethiopicorum libri X : Ad fidem Mss. ab Hieronymo Commelino emendati, : ,,,,,,,,hist. Einbd,,1,02
1066959986,L-1567-315490500,Aaf,DBSM/M/Boe,Bö M 257,Bö M 257,"SEXTA|| Pars Homeliarum|| IN EVANGELIA DO=||MINICALIA ET DIES FESTOS,|| â Dominica septima post Tri-||nitatis, us#[que] ad Domini-||cam decimam quin-|", : ,,,,,,,,,,1,02
1136805699,L-1561-412305100,Afl,DBSM/M/Bö,Bö M 258,Bö M 258,"Aristotelis Stagiritae Organvm, qvod logicam appellant",1. : Tomus primus,,,,,,,,,,1,02
36758865X,L-1810-181276038,AFl,DBSM/M/Bö,Bö M 259/8°,Bö M 259/8°,Pindari Carmina : Graece, : ,,,,,,,,,,1,02
1003923704,L-1615-181192020,Aal,DBSM/M/Bö,Bö M 260/8°,Bö M 260/8°,Résurrection et Triomphe de la Polette. Dédié à Messieurs les Officiers de France[Texte imprimé]  : , : ,,,,,,,,,,1,02
1003866263,L-1757-181114941,Aal,DBSM/M/Bö,Bö M 261/8°,Bö M 261/8°,Le @Livre de quatre couleurs : aux quatre-elements, : ,,,,,,,,,,1,03
1003854729,L-1521-181083620,Aal,DBSM/M/Bö,Bö M 262/8°,Bö M 262/8°,Eivsdem Caroli Bouilli Samarobrini Respōsiones ad nouē quesita Nicolai Paxii Maioricen̄. seu Balearici in arte Lullistarum peritissimi : , : ,,,,,,,,,,1,02
1066872554,L-1519-315330309,Aaf,DBSM/M/Boe,Bö M 263,Bö M 263,"AD RE||VERENDISSIMVM ATq[ue]|| illustrissimum principem, D.|| Albertum Archiepiscopum|| Moguntinu, Cardinale &c.|| epl'a V. Fabritij Capitonis.|| [Sp.", : ,,,,,,,,,,1,02
1003963188,L-1529-181273500,Aal,DBSM/M/Bö,Bö M 264/8°,Bö M 264/8°,Beatissimi patris Nili Episcopi et martyris antiquissimi Sententie morales e greco in latinum verse : , : ,,,,,,,,,,1,02
1066862451,L-1507-315321040,Aaf,DBSM/M/Boe,Bö M 265,Bö M 265,[Vade mecum.|| Missale Jtinerātium|| ...] : , : ,,,,,,,,,,1,02
1003966012,L-1518-181276429,Aal,DBSM/M/Bö,Bö M 266,Bö M 266,Epynomis: id=||est: legu app?dix v#[l] phyloso||phus Platonis: De vera|| sapi?tia et humana foe||licitate nõ tam vtilis|| #[qua...] necessarius.|| : , : ,,,,,,,,Schenkg Kirchhoff,,1,02
1066956936,L-1522-315487534,Aaf,DBSM/M/Boe,Bö M 267,Bö M 267,"LIBANII|| SOPHISTAE GRAECI|| declamatiunculae aliquot, eae-||dem´#[que] Latinae, per DES.|| ERASMVM ROT.|| Cum duabus orationibus|| Lysiae itidem uers", : ,,,,,,,,,,1,02
1066964211,L-1575-315494441,Aaf,DBSM/M/Boe,Bö M 268,Bö M 268,[POLYDORI|| VERGILII VRBI-||NATIS DE RERVM|| INVENTORIBVS LI-||BRI OCTO.|| Eiusdem in orationem Dominicam com-||mentariolum.|| Omnia nunc demum ab ips, : ,,,,,,,,,,1,02
1003983456,L-1547-181294567,Aal,DBSM/M/Bö,Bö M 269/8°,Bö M 269/8°,"Joan. Tagavltii Ambiani Vimaci, Parisiensis Medici, De chirvrgica institvtione libri qvinqve.  His accessit sextus liber de materia chirurgica, author", : ,,,,,,,,hist. Ebd,,1,02
100385494X,L-9999-181083884,Aal,DBSM/M/Bö,Bö M 270/8°,Bö M 270/8°,Wie man sich|| Christlich zu dem sterben|| bereyten sol.|| Wie man Got rechtschaf=||fen dienen sol.|| Wie das vbel nachreden|| f#[ue]r ein schwere s#[, : ,,,,,,,,,,1,02
1003969119,L-1523-181279622,Aal,DBSM/M/Bö,Bö M 271/8°,Bö M 271/8°,Avrea carmina Pythagoræ : , : ,,,,,,,,,,1,02
106695688X,L-1552-315487488,Aaf,DBSM/M/Boe,Bö M 272,Bö M 272,"PROPOSITIONES|| DE IVSTI=||FICATIONE|| FIDEI,|| FIDELITER|| CONSCRIPTAE, ET IN|| disputationem publicam propositae,|| contra pernitiosos ueterum ac|| ", : ,,,,,,,,,,1,02
1003826466,L-1560-18105423X,Aal,DBSM/M/Bö,Bö M 273/8°,Bö M 273/8°,"Antiqvitatum variarvm autores, Quorum catalogum sequens continet pagella : ", : ,,,,,,,,,,1,02
100396365X,L-1616-181273993,Aal,DBSM/M/Bö,Bö M 274/8°,Bö M 274/8°,"Ordonnance, statvt et placcart de noz sovverains seignevrs et princes les archidvcqz dʹAustrice, dvcqs de Brabant &c. Sur le faict de l'Imprimerie, ve", : ,,,,,,,,,,1,02
1003895115,L-1785-18114607X,Aal,DBSM/M/Bö,Bö M 275/8°,Bö M 275/8°,Gesangsbuch zum gottesdienstlichen Gebrauche der Reformirten Gemeinden in Kurpfalz : , : ,,,,,,,,,,1,02
106696226X,L-1555-31549266X,Aal,DBSM/M/Bö,Bö M 276,Bö M 276,Freüdenspruch:|| Der allerheiligsten Dreifeltigkeyt|| Gottis zu Lob/ Ehr vnd danck/ für|| diese allerfreüdenreichste Hohenzeit vnd Christliche|| Heymf, : ,,,,,,,,,,1,02
1003915418,L-1805-181182718,Aal,DBSM/M/Bö,Bö M 277/8°,Bö M 277/8°,"Chymische Versuche und Entdeckungen zur Ersparung einer großen Menge Getreides, zur Erleichterung u. Erweiterung der Viehzucht u. zur Verhüthung einer", : ,,,,,,,,hist. Einbd,,1,02
1003965970,L-1781-181276380,Qdl,DBSM/M/Bö,Bö M 278/8°,Bö M 278/8°,Papiere von Johann Karl Wezel wider D. Ernst Platnern : [Sammelband zum Streit von Johann Karl Wezel und D. Ernst Platner], : ,,,,,,,,,,1,02
1003985432,L-1575-181296535,Aal,DBSM/M/Bö,Bö M 279,Bö M 279,Das @newe Testament|| : , : ,,,,,,,,"Einband von Jakob Krause, durch Hitzeeinwirkg während der kriegsbedingten Auslagerung schwer zerstört, 1968/69 restauriert in der DB-Werkstatt. - Originalzustand beschrieben von Christel Schmidt: Jakob Krause. Leipzig 1923, S. 77 u. Taf. 36",,1,02
1003986323,L-1511-181297345,Aal,DBSM/M/Bö,Bö M 280 /8°,Bö M 280 /8°,Textus hymnorû/ In priscam for=||mam/ hoc est in metra ab Henrico|| Bebelio nouiter redactorum.|| : , : ,,,,,,,,Schenkg Kirchhoff; Druckersignet fehlt,,1,02
1066847428,L-1517-31530667X,Aaf,DBSM/M/Boe,Bö M 281,Bö M 281,Hoc in volumine infra=||scripta opuscula continentur.|| Marci Tullii Ciceronis oratoR principis/ oratio pro Milone ...|| Compendium Rhetorices/ ex Tul, : ,,,,,,,,,,1,02
1003868053,L-1743-181117177,Aal,DBSM/M/Boe,Bö M 282/8°,Bö M 282/8°,"Tabvlarium Ecclesiae Romanae Secvli Decimi Sexti : In Qvo Monvmenta, Restitvti Calicis Evcharistici, Totivsqve Concilii Tridentini Historiam Mirifice ", : ,,,,,,,,,,1,02
1003894267,L-1511-181145081,Aal,DBSM/M/Bö,Bö M 283/8°,Bö M 283/8°,"A. Gellii Viri disertissimi Noctium atticarum libri XX : summa accuratione Joannis Connelli, Carnotensis, ad recognitionem Beroaldinam repositi, cum a", : ,,,,,,,,,,1,02
1003900119,L-1740-181151022,Aal,DBSM/M/Bö,Bö M 284/8°,Bö M 284/8°,Primordia superioritatis territorialis Saxonicae ex antiquis Saxonum et Francorum rebus erta ... : , : ,,,,,,,,,,1,02
100397290X,L-1544-181283557,Aal,DBSM/M/Bö,Bö M 285/8°,Bö M 285/8°,C. Crispi Sallvstii de conivratione Catilinæ historia : eivsdem de bello Ivgvrthino, : ,,,,,,,,hist. Ebd,,1,02
1137279974,L-1699-413057674,Af,DBSM/M/Bö,Bö M 286/8°,Bö M 286/8°,Nouvelle explication dʹune medaille dʹor du cabinet du roy ...,1. : Premiere lettre,,,,,,,,,,1,02
1137280093,L-1699-413057720,Af,DBSM/M/Bö,Bö M 286/8°,Bö M 286/8°,Nouvelle explication dʹune medaille dʹor du cabinet du roy ...,2. : Deuxieme lettre,,,,,,,,hist. Einbd.,,1,02
1003966500,L-1566-181276925,Afl,DBSM/M/Bö,Bö M 288/8°,Bö M 288/8°,Plutarchi Vitae comparatae,2 : ,,,,,,,,,,1,02
1003966527,L-1566-181276941,Afl,DBSM/M/Bö,Bö M 288/8°,Bö M 288/8°,Plutarchi Vitae comparatae,3 : ,,,,,,,,,,1,02
1003895336,L-1738-181146320,Aal,DBSM/M/Bö,Bö M 289/8°,Bö M 289/8°,"Neu vermehrtes Sondershaeusisches Gesang-Buch, in welchem D. Martin Luthers, Gerhards, auch anderer ... Lieder ... zu finden ... : Deme beygefügt Ein ", : ,,,,,,,,hist. Einbd,,1,02
1003866786,L-1559-18111559X,Aal,DBSM/M/Boe,Bö M 291/8°,Bö M 291/8°,"Ciceronis De officiis libri III. Cato maior, uel De senectute, Laelius, uel De amicitia, Paradoxa ... : ", : ,,,,,,,,hist. Einbd,,1,02
1066847177,L-1508-315306475,Aaf,DBSM/M/Boe,Bö M 292,Bö M 292,Svbnotata hic continentur Magni Athanasij in psalmos opusculum [Ange. pol. interprete]. Enchiridion Epicteti stoici. Basilij oratio de inuidia. Plutar, : ,,,,,,,,Mit hs. Eintr.,,1,02
1066862788,L-1745-315321326,Aaf,DBSM/M/Boe,Bö M 293,Bö M 293,De Successione inter coniuges ab intestato disquisitio iuris Germanici : , : ,,,,,,,,,,1,02
1066961387,L-1507-315491795,Aaf,DBSM/M/Bö,Bö M 294,Bö M 294,Opusculum de sagis ma||leficis Martini Plantsch concio||natoris Tubingensis.|| [Hrsg.v. (Henrici Bebelij Iustingensis ...||)] : , : ,,,,,,,,zahlr. Wurmlöcher,,1,02
1066961581,L-1524-315491973,Aaf,DBSM/M/Boe,Bö M 295,Bö M 295,Mich wundert das|| kein gelt ihm|| land ist.|| Ein schimpflich doch vnschedlich ge=||sprech dreyer Landtfarer/ vber yetz ge=||melten tyttel.|| Leße da, : ,,,,,,,,,,1,02
1003868207,L-1721-181117444,Afl,DBSM/M/Bö,Bö M 296/8°,Bö M 296/8°,"Diario di tutto quello successe nellʹultima guerra di Sicilia fra le due armate Allemana, e Spagnola",T. 1 : ,,,,,,,,,,1,02
1003868215,L-1721-181117452,Afl,DBSM/M/Bö,Bö M 296/8°,Bö M 296/8°,"Diario di tutto quello successe nellʹultima guerra di Sicilia fra le due armate Allemana, e Spagnola",T. 2 : ,,,,,,,,,,1,02
1003971598,L-1512-181282038,Aal,DBSM/M/Bö,Bö M 297/8°,Bö M 297/8°,Deuoti et venerabilis Ioanis Rusberi presbyteri/ canonici observantiæ beati Augustini/ de ornatu spiritualium nuptiarum libri tres : , : ,,,,,,,,,,1,02
1003854486,L-1727-181083337,Afl,DBSM/M/Bö,Bö M 298/8°,Bö M 298/8°,Histoire de lʹancien gouvernement de la France avec 14 lettres historiques sur les parlemens ou états-généraux,Tome 1 : ,,,,,,,,,,1,02
1003854540,L-1727-181083418,Afl,DBSM/M/Bö,Bö M 298/8°,Bö M 298/8°,Histoire de lʹancien gouvernement de la France avec 14 lettres historiques sur les parlemens ou états-généraux,Tome 2 : ,,,,,,,,letzte Seite mit Paginierfehler: 224 statt 334,,1,02
1003840299,L-1735-181068990,Afl,DBSM/M/Bö,Bö M 300/8°,Bö M 300/8°,"Les @Oeuvres de M. [Nicolas] Boileaux-Despréaux, avec des éclaircissemens historiques",Tome 2. : ,,,,,,,,hist. Ebd,,1,02
1066960275,L-1505-315490764,Aaf,DBSM/M/Boe,Bö M 301,Bö M 301,Hic subnotata cõtinentur|| Vita. M. Catonis (per|| Cornelium Nepotem).|| Sextus Aurelius de vitis Caesarum.|| Beneuenutus de eadem re.|| Philippi Bero, : ,,,,,,,,,,1,02
100399203X,L-1556-181303035,Aal,DBSM/M/Bö,Bö M 302/8°,Bö M 302/8°,"Dn. Vdalrici Zasii ivreconsvlti Fribvrgen. in vsvs fevdorvm epitome, ordine et vtilitate commendabilis : Eiusdem orationes aliquot disertae, tum in la", : ,,,,,,,,,,1,02
1003977588,L-1564-181288540,Aal,DBSM/M/Bö,Bö M 303/8°,Bö M 303/8°,Statvta synodalia : , : ,,,,,,,,"Paginierfehler: Blatt  13 bezeichnet mit ""31""",,1,02
1003991718,L-1700-181302705,Afl,DBSM/M/Bö,Bö M 304/8°,Bö M 304/8°,Histoire de la decouverte et de la conquete du Pérou,Tome 1 : ,,,,,,,,hist. Einbd für Tome 1-2,,1,02
1003991793,L-1700-181302764,Afl,DBSM/M/Bö,Bö M 304/8°,Bö M 304/8°,Histoire de la decouverte et de la conquete du Pérou,Tome 2 : ,,,,,,,,,,1,02
1138311561,L-9999-414828496,Qd,DBSM/M/Bö,Bö M 305,Bö M 305,Sammelband : , : ,,,,,,,,,,1,02
1066865582,L-1557-315323868,Aaf,DBSM/M/Boe,Bö M 308,Bö M 308,IN HOC VOLVMINE|| HAEC CONTINENTVR.|| Rhetoricorum ad C. Herennium lib.IIII.|| M.T.Ciceronis de inuentione ...|| de oratore ad Quintum fratrem ...|| d, : ,,,,,,,,,,1,02
1066941718,L-1521-315469366,Aaf,DBSM/M/Bö,Bö M 309,Bö M 309,"AVLI GEL||LII NOCTIVM ATTI=||CARVM.LIBRI VN||DEVIGINTI.|| In easdem, Encomiu carmine Luscinii|| ad HVTTENVM ...|| : ", : ,,,,,,,,,,1,02
1066961506,L-1541-315491892,Aal,DBSM/M/Bö,Bö M 310,Bö M 310,"MARSILII|| FICINI FLOREN=||TINI MEDICI ATQVE PHI=||losophi celeberrimi,de Vita|| Libri tres,recens iam à men=||dis situ´q; uin=||dicati.|| QVORVM|| Pr", : ,,,,,,,,Schenkg Kirchhoff; hist. Einband,,1,02
1137971126,L-9999-414284445,Qd,DBSM/M/Bö,Bö M 311,Bö M 311,Sammelband : , : ,,,,,,,,,,1,02
1066963886,L-1572-315494085,Aaf,DBSM/M/Bö,Bö M 312,Bö M 312,"PLVTARCHI|| CHAERONENSIS|| MORALIA, quae vsurpantur. sunt autem om-||nis elegantis doctrinae PENVS ... OMNES DE GRAECA IN LATINAM|| linguam transscrip", : ,,,,,,,,"T:III: 732 S., [25 statt 26] Bl., Druckermarke fehlt (auf fehlendem Bl.)",,1,02
1003929710,L-1777-181198746,Aal,DBSM/M/Bö,Bö M 313/8°,Bö M 313/8°,Belisario del Signor Marmontel : , : ,,,,,,,,hist. Einbd,,1,02
1003867197,L-1523-18111612X,Aal,DBSM/M/Bö,Bö M 314/8°,Bö M 314/8°,"Cl. Claudiani Opera qvam diligentissime castigata, qvorum indicem in seqventi pagina reperies : ", : ,,,,,,,,hist. Einbd.,,1,02
1138239631,L-9999-414745310,Qd,DBSM/M/Bö,Bö M 315,Bö M 315,Sammelband mit zwei Versionen der Rudimenta cosmographica von Johannes Honterus : , : ,,,,,,,,,,1,02
1003867146,L-1575-181116030,Aal,DBSM/M/Bö,Bö M 316/8°,Bö M 316/8°,"Hercvlis Ciofani Svlmonensis in P. Ovidii Nasonis Metamorphosin ex XVII antiquis libris : Observationes, quibus loci quampluri & emendantur, & aliorum", : ,,,,,,,,Versteigerung der Bibliothek von Syston Park: Sotheby's 1884,,1,02
1003988865,L-1790-181299984,Afl,DBSM/M/Bö,Bö M 317/8°,Bö M 317/8°,"La @Valise decousue, ou recueil de lettres de différentes personnes, pour servir a lʹhistoire des insurrections de France, de Liége et des Pays-Bas",Premiere partie : ,,,,,,,,,,1,02
1003988873,L-1790-181299992,Afl,DBSM/M/Bö,Bö M 317/8°,Bö M 317/8°,"La @Valise decousue, ou recueil de lettres de différentes personnes, pour servir a lʹhistoire des insurrections de France, de Liége et des Pays-Bas",Seconde partie : ,,,,,,,,,,1,02
1003964869,L-1547-181275171,Aal,DBSM/M/Bö,Bö M 318/8°,Bö M 318/8°,De originibus rervm libellvs avthore Gulielmo Pastregico Veronense. In quo agitvr de scriptvris virorum illustrium. De fundatoribus Vrbium. De primis , : ,,,,,,,,,,1,02
1066848548,L-1509-315307641,Aaf,DBSM/M/Boe,Bö M 319,Bö M 319,"P. Favsti Andrelini Foroliuiensis, Poetae & oratoris clarissimi, De virtutibus cum moralibus, tum intellectualibus, Carmen dignissimum. Eiusdem Elegia", : ,,,,,,,,Mit hs. Eintr.,,1,02
1003855423,L-1511-18108435X,Aal,DBSM/M/Bö,Bö M 320/8°,Bö M 320/8°,Bulla monitorij apostolici: cōtra Tres Reuerendissimos Cardinales vt redeat ad obedientiā S. d.n. Pa. Ne scisma in ecclesia sancta dei orietur : , : ,,,,,,,,,,1,02
1003825710,L-1559-181053365,Aal,DBSM/M/Bö,Bö M 321/8°,Bö M 321/8°,"Antonii Augustini emendationum et opinionum lib. IIII : eiusdem ad modestinum ... liber singularis ; Item: Laelii Taurelli, ...", : ,,,,,,,,,,1,02
1139218913,L-9999-417804725,Qd,DBSM/M/Bö,Bö M 322,Bö M 322,Sammelband : , : ,,,,,,,,,,1,02
1003965261,L-1713-181275597,Aal,DBSM/M/Bö,Bö M 323/8°,Bö M 323/8°,De la vita di fra Niccolo' di Longobardi : religioso oblato professo de la provincia di San Francesco di Paola dell'Ordine de' Minimi, : ,,,,,,,,hist. Einbd,,1,02
1003895042,L-1837-181145995,Aal,DBSM/M/Bö,Bö M 324/8°,Bö M 324/8°,Vermehrtes Kirchen- und Haus-Gesangbuch für Neu-Vorpommern und Rügen : Mit landesobrigkeitlicher Genehmigung ausgefertigt ; Nebst einem erbaulichen Ge, : ,,,,,,,,hist. Einbd,,1,02
1066959161,L-1539-315489774,Aaf,DBSM/M/Boe,Bö M 325,Bö M 325,IANI PAR-||RHASII NEAPOLITANI|| ... in CL. Claudiani de Raptu Proserpinae libros|| Cõmentarius longè eruditissimus ...|| Acceßit praeterea et autoris , : ,,,,,,,,,,1,02
1066964173,L-1575-315494395,Aaf,DBSM/M/Bö,Bö M 326,Bö M 326,"CAROLI SIGONII|| HISTORIARVM|| DE|| REGNO ITALIAE|| Libri Quindecim,|| AD|| ILLVSTRISS. ATQ. EXCEL-||LENTISS. D. IACOBVM BON-||COMPAGNVM, Generalem S.", : ,,,,,,,,Schenkg Kirchhoff; hist. Einband; beschädigt: Initialen herausgeschnitten,,1,01
1066866198,L-1539-315324422,Aaf,DBSM/M/Boe,Bö M 327,Bö M 327,Arte pa ser=||uir a dios. Cō||puesta por fray|| Alonso de ma=||drid. Con sus|| adiciones.|| : , : ,,,,,,,,,,1,02
1003963242,L-1609-181273578,Aal,DBSM/M/Bö,Bö M 328,Bö M 328,"Officivm Beatæ Mariæ virginis, Pii V. Pont. Max. iussu editum : nunc pluribus quam hactenus vmquam figuris æneis illustratum", : ,,,,,,,,hist. Einbd,,1,02
1003868509,L-1698-181117827,Aal,DBSM/M/Bö,Bö M 329/8°,Bö M 329/8°,"Dispunctio notarum quadraginta quas scriptor anonymus eminentissimi card. Caelestini Sfondrati libro, cui titulus: Nodus praedestinationis, quantum ho", : ,,,,,,,,hist. Einbd,,1,02
1003801404,L-1502-180649434,Aal,DBSM/M/Boe,Bö M 330/8°,Bö M 330/8°,Casus longi super institutis  : , : ,,,,,,,,kollationiert,,1,02
1003824404,L-1695-181051753,Aal,DBSM/M/Bö,Bö M 331/8°,Bö M 331/8°,"Calendarium Tyrnaviense ad annum Christi 1696 : bissextilem ad Meridianum Tyrnaviensem, ad Elevationem Poli 48. Graduum ;  in usum Hungariae, et vicin", : ,,,,,,,,hist. Einbd.,,1,02
1003965865,L-1580-181276259,Aal,DBSM/M/Bö,Bö M 332/8°,Bö M 332/8°,"Ad invictissimvm, ac aeque gloriosissimum & sacratis. Monarcham, Diuu, D. Rvdolphvm II ... Vincentij Pistalocij ... in bellico ... contra immanissimum", : ,,,,,,,,"hist. Einbd., bez. Rudolphus II. Imp. Anno 1576, Plattenstempel VD: Rudolf II als Halbfigur von links, HD: Wappen. - Titel aus Langfassung gebild., evtl. fehlt e. Titelbl.",,1,02
1066787298,L-1520-315208724,Aaf,DBSM/M/Boe,Bö M 333,Bö M 333,PROVERBIA SA/||LOMONIS.|| PRAEFATIO IN AEDI||tionem Parabolarũ Fra||tris Conradi pelicani|| minoritae.|| EPITOME HEBRAI-||cae grammaticae Fra/||tris S, : ,,,,,,,,,,1,02
1066963762,L-1580-315493976,Aaf,DBSM/M/Boe,Bö M 334,Bö M 334,"THOMAE|| LINACRI BRI-||TANNI DE EMENDATA|| STRVCTVRA LATINI SERMO-||nis libri VI. cum indicatione locorum|| vnde exempla ab autore ad-||ducta fuerunt,", : ,,,,,,,,,,1,02
1066963606,L-1580-315493844,Aaf,DBSM/M/Boe,Bö M 335,Bö M 335,Trostbuch|| von Aufferstehung der|| Todten/ ewigem Leben vnd Se=||ligkeit/ wider alle heßliche anblick vnd|| Fronfest des Todtes vnd ewi=||ger verdamn, : ,,,,,,,,,,1,02
1003826288,L-1576-181053993,Aal,DBSM/M/Bö,Bö M 336/8°,Bö M 336/8°,"D. Aurelii Augustini Hipponensis episcopi liber de haeresibus, ad quodvultdeum : ", : ,,,,,,,,,,1,02
1003965326,L-1568-18127566X,Aal,DBSM/M/Bö,Bö M 337/8°,Bö M 337/8°,"Philippvs Decivs in tit. ff. de regvlis ivris cum additionibus D. Hieronymi Cuchalon Hispani, vnaque recens analyticis adnotationibus D. Gabrielis Sar", : ,,,,,,,,,,1,02
1140145185,L-1669-419750495,Qd,DBSM/M/Bö,Bö M 338/8°,Bö M 338/8°,Niederländische Bibel und weitere Werke : , : ,,,,,,,,,,1,02
1138379638,L-9999-414986245,Qd,DBSM/M/Bö,Bö M 339,Bö M 339,Sammelband mit zwei Werken von Esaias Heidenreich : , : ,,,,,,,,,,1,02
106696162X,L-1553-315492023,Aaf,DBSM/M/Bö,Bö M 340,Bö M 340,"De Originibus,|| SEV, DE VARIA ET PO/||tissimum orbi Latino ad hanc diem in/||cognita, aut incõsyderata historia, quu|| totius Orientis, tum maximè Ta", : ,,,,,,,,,,1,02
1003866298,L-1537-181114992,Aal,DBSM/M/Bö,Bö M 342/8,Bö M 342/8,Il @Libro del cortegiano del conte Baldesar Castiglione : , : ,,,,,,,,,,1,02
1003854648,L-1704-181083531,Afl,DBSM/M/Bö,Bö M 343/8°,Bö M 343/8°,Catalogue raisonné de la librairie d'Etienne de Bourdeaux,Tome 3 : ,,,,,,,,,,1,02
1003937853,L-1508-181207214,Aal,DBSM/M/Bö,Bö M 344/8° - Fragm.,Bö M 344/8° - Fragm.,Singularia plurimorum doctorum : (ex utroque iure), : ,,,,,,,,,,1,02
1003929516,L-1608-18119855X,Aal,DBSM/M/Bö,Bö M 345/8°,Bö M 345/8°,Mare libervm sive de ivre qvod Batavis competit ad Indicana commercia dissertatio : , : ,,,,,,,,,,1,02
1066835551,L-1567-315295511,Aaf,DBSM/M/Boe,Bö M 346,Bö M 346,"C. SALLVSTII CRISPI|| CONIVRATIO CATILINAE|| ET BELLVM IVGVRTHINVM|| FRAGMENTA|| eiusdem historiarum, e scriptorib. antiquis ab : ", : ,,,,,,,,Mit hs.Eintr.,,1,02
1003866638,L-1546-181115344,Aal,DBSM/M/Bö,Bö M 347/8°,Bö M 347/8°,"M[arci] T[ulii] Ciceroni Epistolae ad Atticum, Brutum et Quintum Fratem : ex diversorum exemplarium, praecipuè Victorii ac Manutii, collatione dillige", : ,,,,,,,,hist. Einbd,,1,02
1003938426,L-1550-181207753,Aal,DBSM/M/Bö,Bö M 348/8°,Bö M 348/8°,"CORONA=||TIO CAROLI .V.|| CAESARIS AVG. APVD|| AQVISGRANVM,|| PER|| Hartmannum Maurum Hermanni Archiepiscopi|| Colonien. Consiliarium, qui ei coronati", : ,,,,,,,,,,1,02
1003972322,L-1530-181282836,Aal,DBSM/M/Bö,Bö M 349,Bö M 349,ELEGIA|| DE ADVENTV|| CAROLI.V.|| CAESA=||RIS.|| ADDITAE PRAETE=||rea Elegiae duae.||(ELEGIA|| AD ILLVSTREM PRINCI=||pem ac Dominum D.Magnum Du=||cem , : ,,,,,,,,Schenkg Kirchhoff,,1,02
1066694478,L-1528-315082046,Aaf,DBSM/M/Boe,Bö M 350,Bö M 350,HELII EO||BANI HESSI|| DE TVMVLTIBVS|| Horum temporum|| Querela.|| Priscorum temporum cum nostris Collatio.|| Omnium Regnorum Europae mutatio.|| Bellu, : ,,,,,,,,In losen ganz unbeschnittenen Bogen (in albis),,1,02
999175041,L-1535-167648470,Aal,DBSM/M/Bö,Bö M 351,Bö M 351,CONTENTA|| IN HOCCE LIBELLO|| : DE PROSODIA NVPER AB IPSO|| autore Philippo Melanchthone aucta|| atq. Recognita|| DE RATIONE SYLLABARVM|| breuis Isago, : ,,,,,,,,,,1,02
1003866751,L-1642-181115530,Aal,DBSM/M/Boe,Bö M 352/8°,Bö M 352,M. Tullii Ciceronis scriptorvm Fragmenta : , : ,,,,,,,,hist. Einbd.,,1,02
1140935909,L-1590-421189681,Qd,DBSM/M/Bö,Bö M 353/8°,Bö M 353/8°,Sammelband mit zwei Werken von Denis Godefroy : , : ,,,,,,,,hist. Einbd,,1,02
1003867243,L-1676-181116200,Aal,DBSM/M/Bö,Bö M 354/8°,Bö M 354/8°,"Relation du voiage de Brême, en vers burlesques; dediée à monsieur Besson : ", : ,,,,,,,,,,1,02
1066936625,L-1570-315464453,Aaf,DBSM/M/Boe,Bö M 355,Bö M 355,Ein @new|| Betbüchlin|| Des seligen vnd tew=||ren Mans GOTtes|| Doctoris Martini|| Lutheri.|| Aus seinen eigen Geist=||trost vnd Lebendigen wor=||ten , : ,,,,,,,,,,1,02
011910828,L-1810-180652788,Abvz,DBSM/M/Bö,Bö M 356/8°,Bö M 356/8°,Almanach de l'Université Impériale : année .., : ,,,,,,,,,009030115,1,02
1140942557,L-1810-421194324,Afl,DBSM/M/Bö,Bö M 356/8°,Bö M 356/8°,Almanach de l'Université Impériale,Annee 1810 : ,,,,,,,,,,1,02
1140942786,L-1810-421194480,Afl,DBSM/M/Bö,Bö M 356/8°,Bö M 356/8°,Almanach de l'Université Impériale,Annee 1811 : ,,,,,,,,,,1,02
114094293X,L-1810-42119457X,Afl,DBSM/M/Bö,Bö M 356/8°,Bö M 356/8°,Almanach de l'Université Impériale,Annee 1812 : ,,,,,,,,,,1,02
100398925X,L-1582-18130029X,Aal,DBSM/M/Bö,Bö M 357/8°,Bö M 357/8°,[Güldenes Betbüchlein] : , : ,,,,,,,,"defekt, Titelbl. fehlt",,1,02
1140949446,L-1801-42119958X,Afl,DBSM/M/Bö,Bö M 358/8°,Bö M 358/8°,Der @breslauische  Erzähler,"2.1801 : Zweyter Jahrgang, 1stes und 2tes Quartal",,,,,,,,,,1,02
1003939422,L-1552-181208679,Aal,DBSM/M/Bö,Bö M 359/8°,Bö M 359/8°,Grammatica Philippi Melanchthonis recogn. et locupletata : accessit tractatus de orthographia recens, : ,,,,,,,,,,1,02
1066848920,L-1585-315307986,Aaf,DBSM/M/Boe,Bö M 360,Bö M 360,"D. MELCHIORIS|| CANI, EPIS=||COPI CANARIEN=||SIS, ORDINIS PRAEDICATO-||RVM...|| LOCORVM THEOLOGICO-//RVM LIBRI DVODECIM.|| ...|| : ", : ,,,,,,,,,,1,02
1003969526,L-1587-181280027,Aal,DBSM/M/Bö,Bö M 361/8°,Bö M 361/8°,"Epitheta Joannis Ravisii Textoris Nivernensis : Accesserunt De Prosodia, libri 4 ; Item, de Carminibus ad veterum imitationem .. collecta a Georgio Sa", : ,,,,,,,,hist. Einbd,,1,02
1066862508,L-1544-315321083,Aaf,DBSM/M/Boe,Bö M 362,Bö M 362,M. FABII|| QVINTILIANI|| INSTITVTIONVM|| ORATORIARVM|| LIBRI XII.|| Summa diligentia ad fidem uetustissimorum|| codicum recogniti ac restituti.|| Cum , : ,,,,,,,,Mit hs. Eintr.,,1,02
1003975550,L-1515-181286270,Aal,DBSM/M/Boe,Bö M 363,Bö M 363,LUcij Annei se||nece poete Cordubensis Hercu=||les furens.|| ...|| : , : ,,,,,,,,,,1,03
1003903347,L-1512-181154374,Aal,DBSM/M/Bö,Bö M 364/8°,Bö M 364/8°,"QVINTI HORACII FLACCI DE DIVINA|| Poetarum Arte, non minus elegans ~#[qui] omni|| eruditione refertum opus ad Pisones|| cunctis ad prime necessarium.|", : ,,,,,,,,,,1,02
1003866514,L-1650-181115212,Aal,DBSM/M/Bö,Bö M 365/8°,Bö M 365/8°,Lo @specchio vstorio del P. F. Bonauentura Caualieri Giesuato overo trattato delle settioni coniche : e di alcuni loro mirabili effetti Intorno al lum, : ,,,,,,,,10 Tafeln gezählt u. gestempelt 9.10.2017,,1,02
1003975178,L-1776-181285894,Aal,DBSM/M/Bö,Bö M 366,Bö M 366,De Anima brutorum commentaria : curiosum nobis natura ingenium dedit (Seneca de Vita Beata Cap. 32), : ,,,,,,,,,,1,02
1003969240,L-1780-181279770,Aal,DBSM/M/Bö,Bö M 367/8°,Bö M 367/8°,"Andromaque : tragédie-lyrique, en trois actes", : ,,,,,,,,hist. Einbd,,1,02
1066772037,L-1502-315194421,Aaf,DBSM/M/Boe,Bö M 368,Bö M 368,DJalogus fra=||tris Rutgeri Sycambri canonici regu=||laris De quantitate syllabaru.|| cum paucis carminib#[us]|| adiunctis in=||choat.|| : , : ,,,,,,,,Rubriziert,,1,02
1003925251,L-1872-181193663,Aal,DBSM/M/Bö,Bö M 369/8°,Bö M 369/8°,De @Legende van den Geusen Troubele over Zeelant ... : 1572 Ende 1573 door een roomsch Catholyk Tijdgenoot, : ,,,,,,,,,,1,02
1137889500,L-9999-414171632,Qd,DBSM/M/Bö,Bö M 370,Bö M 370,"Sammelband Amtsdrucksachen Augsburg, 16. Jahrhundert : ", : ,,,,,,,,,,1,02
1003921310,L-1510-181189321,Aal,DBSM/M/Bö,Bö M 372/8°,Bö M 372/8°,Institutiones imperiales : , : ,,,,,,,,,,1,02
1003962998,L-1502-181273314,Aal,DBSM/M/Bö,Bö M 373,Bö M 373,Arbo#[rum] triu con=||sanguinitatis. affinitatis. co=||gnatõis#[que] spualis lectura notatu digna Magistri benemeri||ti Nicasij de woerda bonaru artiu, : ,,,,,,,,rubriziertes Ex.,,1,02
1003866743,L-1804-181115484,Afl,DBSM/M/Boe,Bö M 374/8°,Bö M 374/8°,M[arci] T[ullii] Ciceronis et clarorum virorum Epistolae,Vol. 1 : ,,,,,,,,,,1,02
1141698420,L-9999-42208624X,Qd,DBSM/M/Bö,Bö M 375,Bö M 375,Aufgelöster Sammelband : , : ,,,,,,,,,,1,02
1066962219,L-1552-315492619,Aaf,DBSM/M/Bö,Bö M 376/8°,Bö M 376/8°,Eine @predigte von Chri=||sti/ vnd vnserem Creutze. Jtem/ wie man|| von Christo dem rechten artzte/ beiderley ge=||sundheit an leib vnd seel erlangen , : ,,,,,,,,,,1,02
1003801153,L-1718-180649213,Aal,DBSM/M/Boe,Bö M 377/8°,Bö M 377/8°,Matthiae Belii de vetere Litteratvra hunno-scythica exercitatio : , : ,,,,,,,,,,1,02
1003987656,L-1851-181298775,Aal,DBSM/M/Bö,Bö M 378/8°,Bö M 378/8°,Petit Traité théorique et pratique du style en général de lʹart épistolaire et de la narration suivi des éléments de droit civil et commercial : , : ,,,,,,,,,,1,02
1066964025,L-1527-315494239,Aaf,DBSM/M/Boe,Bö M 379,Bö M 379,"VITA|| HONESTA, SIVE VIRTV=||tis, quomodo quisq; uiuere debeat,|| omni aetate, omni tempore, et|| quolibet loco, erga deum|| et homnes.|| AVTORE HERMA", : ,,,,,,,,Rote u. blaue Rubrizierung,,1,02
1132640172,L-1550-406957541,Af,DBSM/M/Bö,Bö M 380,Bö M 380,Biblia Graeca et Latina... Pars ...,"3. : Bibliorvm Graecorvm Latinorvm'Qve Pars Tertia, continens Hesaiam...",,,,,,,,,,1,02
1138319503,L-9999-41483643X,Qd,DBSM/M/Bö,Bö M 381,Bö M 381,Sammelband : , : ,,,,,,,,,,1,02
1066961697,L-1559-315492090,Aaf,DBSM/M/Boe,Bö M 382,Bö M 382,CAESARES ROMANI|| ILLVSTRIS=||SIMO PRINCIPI AC|| DOMINO DOMINO SIGISMVNDO|| Archiepiscopo Magdeburgensi &|| Marchioni Brandeburgen=||si in institution, : ,,,,,,,,,,1,02
1066963967,L-1535-315494174,Aaf,DBSM/M/Bö,Bö M 383,Bö M 383,LOCI|| COMMVNES THE=||OLOGICI RECENS collecti & recogniti a|| Philippo Me=||lanthone.|| : , : ,,,,,,,,,,1,02
1142180042,L-9999-422697222,Qd,DBSM/M/Bö,Bö M 384/8°,Bö M 384/8°,"Sammelband mit zwei Bibelausgaben, herausgegeben von Christian Reineccius : ", : ,,,,,,,,,,1,02
1003894852,L-1538-181145758,Aal,DBSM/M/Bö,Bö M 385/8°,Bö M 385/8°,"AVLI GEL-||LII LVCVLEN-||TISSIMI SCRI=||PTORIS,|| NOCTES ATTICAE.|| ACCESSERVNT ERVDITIS=||simi uiri Petri Mosellani in easdem perdoctae anno||tatione", : ,,,,,,,,Schenkg Kirchhoff; hist. Einbd,,1,02
100393739X,L-1512-181206765,Aal,DBSM/M/Bö,Bö M 386/8°,Bö M 386/8°,Margarita decreti seu tabula martiniana decreti : , : ,,,,,,,,,,1,02
1138379905,L-9999-414986377,Qd,DBSM/M/Bö,Bö M 387,Bö M 387,Sammelband : , : ,,,,,,,,,,1,02
1003839444,L-1500-181068176,Aal,DBSM/M/Bö,Bö M 388/8°,Bö M 388/8°,Dyt @synt die alre andechtlichtstē und verdienstlichsten ermanongē und gebete|| der hilggher frauwen Sent Brigitten|| van dem hilgen und seyr bitteren, : ,,,,,,,,,,1,02
1005720320,L-1595-185028101,Aal,DBSM/M/Bö,Bö M 389,Bö M 389,SPECVLVM : , : ,,,,,,,,"es fehlen 10 Blätter am Anfang: Lage A, Blatt 1 - 5, 8 - 12, das sind: Titelei mit Vorrede und Textanfang; vollständig vorhanden ab Seite 5",,1,02
1137896159,L-9999-414174917,Qd,DBSM/M/Bö,Bö M 390,Bö M 390,Sammelband mit zwei Werken von Nathan Chyträus : , : ,,,,,,,,,,1,02
1003972462,L-1513-18128300X,Aal,DBSM/M/Bö,Bö M 391/8°,Bö M 391/8°,Meditationum libellus : ac orationum devotarum ; qui Anthidotarius anime dicitur ; cum Beati Bonaventure psalterio devoto impressus, : ,,,,,,,,,,1,02
1066956502,L-1546-315487186,Aaf,DBSM/M/Bö,Bö M 392,Bö M 392,"IVN. IVVE-||NALIS, ET AVLI|| PERSII FLACCI|| SATY-||RAE.|| : ", : ,,,,,,,,,,1,02
1003815839,L-1778-18104255X,Aal,DBSM/M/Boe,Bö M 393/8°,Bö M 393/8°,Anakreontos ōdai : E mss. codd. et doctorum virorum conjecturis emendata, : ,,,,,,,,,,1,02
1142569144,L-1842-423122320,Af,DBSM/M/Bö,Bö M 394/8°,Bö M 394/8°,Das @Veilchen,25.1842 : Fünf und zwanzigster Jahrgang 1842,,,,,,,,,,1,01
1003868339,L-1549-181117630,Aal,DBSM/M/Bö,Bö M 395/8°,Bö M 395/8°,"Dionysii Halicarnassei Antiqvitatum, siue originum Romanarum, libri X : ", : ,,,,,,,,hist. Einbd,,1,02
114363148X,L-1546-424292033,Qd,DBSM/M/Bö,Bö M 396/8°,Bö M 396/8°,Sammelband mit zwei Lyoneser Drucken von Sebastian Gryphius : , : ,,,,,,,,,,1,02
1003923860,L-1661-181192217,Aal,DBSM/M/Bö,Bö M 397/8°,Bö M 397/8°,"L. Coelii Lactantii Firmiani diuinarū Institutionū lib. VII : De ira Dei Liber I; De opificio Dei  Liber I; Epitome in libros suos, liber acephalos; C", : ,,,,,,,,hist. Einbd,,1,02
1003966950,L-1695-181277425,Aal,DBSM/M/Bö,Bö M 398/8°,Bö M 398/8°,Christ-begieriger Sterbens-Sinn in den Himmel zu Christo hinNach Anleitung der Wort S. Pauli Phil. 1. vers. 23. ... Bey Volck-reicher Christlicher Lei, : ,,,,,,,,,,1,02
100386841X,L-9999-181117711,Aal,DBSM/M/Bö,Bö M 399 - Fragm.,Bö M 399 - Fragm.,Asperges me domine hysopo & mundabor : [discantus], : ,,,,,,,,"unvollst., vorh.: 59 Bl. mit Bogensig. a2 bis r3 (Gesamtumfang unbekannt)",,1,02
1137896442,L-9999-414175069,Qd,DBSM/M/Bö,Bö M 400,Bö M 400,Sammelband mit Werken antiker Autoren : , : ,,,,,,,,,,1,02
1066768919,L-1518-315191414,Aaf,DBSM/M/Boe,Bö M 401,Bö M 401,"Dialogvs Mythologicvs Bartolomaei Coloniensis dulcibus iocis, iucundis, salibus, concinnisque sententiis refertus atque diligenter elaboratus... : ", : ,,,,,,,,Mit hs. Eintr.,,1,02
1066783659,L-1507-315205296,Aaf,DBSM/M/Boe,Bö M 402,Bö M 402,Manuale beati Augustini|| de aspiratiõe hõis ad deũ|| Stimulus amoris beati|| Anselmi|| Soliloquium Jubileum|| beati Anselmi|| Anselmus super resoluti, : ,,,,,,,,,,1,02
1003867839,L-1791-181116960,Aal,DBSM/M/Bö,Bö M 403,Bö M 403,"La @Constitution française, décrétée par lʹAssemblée Nationale Constituante, aux années 1789, 1790 et 1791 : acceptée par le Roi le 14 septembre 1791", : ,,,,,,,,Zeitgenöss. Ledereinband,,1,02
1003888380,L-1533-181139146,Aal,DBSM/M/Bö,Bö M 405/8°,Bö M 405/8°,Jo[annis] Ferrarii Montani Annotationes in institutiones Justiniani : , : ,,,,,,,,hist. Einbd,,1,02
998771511,L-9999-163503486,Afl,DBSM/M/Bö,Bö M 406,Bö M 406,Mille et vltra priuilegia ecclesiarum et ecclesiasticarum personarum sub repetitione verius parte repetitione extrauag. Pauline de rebus eccle. alie. ,T. 6 : ,,,,,,,,,,1,02
1003881777,L-1821-181132540,Aal,DBSM/M/Bö,Bö M 407/8°,Bö M 407/8°,Per le Auguste Nozze di S. A. I. e R. il granduca Ferdinando di Toscana con S.A.R. la principessa Maria di Sassonia : , : ,,,,,,,,,,1,02
1003961746,L-1862-181272067,Aal,DBSM/M/Bö,Bö M 409/8°,Bö M 409/8°,Misal romano completo con un suplemento de los santos de España y otros reinos : , : ,,,,,,,,hist. Einbd.,,1,02
1003968090,L-1639-181278596,Aal,DBSM/M/Bö,Bö M 410,Bö M 410,"Prophetae Isaias, Jeremias, Baruch, Ezechiel, Daniel, XII Minores; et Machabaeorum libri duo : ", : ,,,,,,,,,,1,02
1003923070,L-1814-181191296,Aal,DBSM/M/Bö,Bö M 411,Bö M 411,Die @Körners-Eiche und Die deutschen Frauen : zwei Gedichte, : ,,,,,,,,,,1,02
996539239,L-1806-162281846,Aal,DBSM/M/Bö,Bö M 412,Bö M 412,Noch ein Blümchen in Augustens Garten : Den 16. März 1806 ; [Gelegenheitsgedicht], : ,,,,,,,,,,1,02
996537732,L-1807-162280238,Aal,DBSM/M/Bö,Bö M 413,Bö M 413,Ereignisse aus der neuesten Zeit : Ein Guckkastenspiel in 9 Aufzügen ; Vorgestellt den 20. September 1807 ; Gedruckt in diesem Jahre, : ,,,,,,,,,,1,02
1003965482,L-1800-181275821,Kal,DBSM/M/Bö,Bö M 414,Bö M 414,Environs de Paris : , : ,,,,,,,,,,1,02
1003866476,L-1583-181115182,Aal,DBSM/M/Bö,Bö M 415,Bö M 415,"Catechismvs Romanvs, ex decreto Concilii Tridentini, & Pii V. Pontificis Maximi iussu primum editus : nunc verò luculentis quaestionibus, ... distinct", : ,,,,,,,,,,1,02
016590341,L-1813-181302462,Abvz,DBSM/M/Bö,Bö M 416,Bö M 416,Grimmaisches Wochenblatt für Stadt und Land : , : ,,,,,,,,,009030115,1,02
1003987109,L-1829-181298104,Aal,DBSM/M/Bö,Bö M 417,Bö M 417,The @Seasons : , : ,,,,,,,,,,1,02
1003978576,L-1830-181289598,Aal,DBSM/M/Bö,Bö M 418,Bö M 418,Gleanings from the works of Laurence Sterne : , : ,,,,,,,,,,1,02
100389013X,L-1835-181140810,Aal,DBSM/M/Bö,Bö M 419,Bö M 419,The @Works of Benjamin Franklin : , : ,,,,,,,,,,1,02
1003919219,L-1836-181186756,Aal,DBSM/M/Bö,Bö M 420,Bö M 420,Rasselas : , : ,,,,,,,,,,1,02
1003839908,L-1834-181068648,Aal,DBSM/M/Bö,Bö M 421,Bö M 421,Blumenkranz aus Deutschlands classischen Schriftstellern : eine geschmackvolle Sammlung von Aufsätzen in Stammbücher, : ,,,,,,,,,,1,02
1003867219,L-1839-181116162,Aal,DBSM/M/Bö,Bö M 422,Bö M 422,Vetter Michel : ein Capriccio, : ,,,,,,,,,,1,02
100399136X,L-1828-181302403,Aal,DBSM/M/Bö,Bö M 423,Bö M 423,Moralische Blätter : ein Andachtsbuch für Gebildete, : ,,,,,,,,,,1,02
1003899099,L-1835-181149907,Afl,DBSM/M/Bö,Bö M 424,Bö M 424,Grübels sämmtliche Werke,1 : Enthaltend das erste und zweite Bändchen,,,,,,,,,,1,02
1003899129,L-1835-181149931,Afl,DBSM/M/Bö,Bö M 424,Bö M 424,Grübels sämmtliche Werke,2 : Enthaltend das dritte und vierte Bändchen,,,,,,,,,,1,02
1003899196,L-1835-181149990,Afl,DBSM/M/Bö,Bö M 424,Bö M 424,Grübels sämmtliche Werke,3 : Enthaltend das fünfte und sechste Bändchen,,,,,,,,,,1,02
1003925898,L-1821-18119435X,Aal,DBSM/M/Bö,Bö M 425,Bö M 425,"Neues Liederbuch für frohe Gesellschaften, enthaltend die besten teutschen Gesänge zur Erhöhung geselliger Freuden : ", : ,,,,,,,,Durchschoss. Ex. mit hs. Notizen,,1,02
1002340799,L-1579-177066067,Aal,DBSM/M/Bö,Bö M 427,Bö M 427,"Das @güldene Kleinot, das ist: Der Catechismus deß ehrwirdigen Herrn D. Mart. Lutheri, in kurtze Frage vnd Antwort gefasset, vnd der lieben Jugendt ei", : ,,,,,,,,,,1,02
1048070697,L-1512-286692783,Aa,DBSM/M/Bö,Bö M 428 - Fragm.,Bö M 428 - Fragm.,Decretales d[omi]ni pape Gregorii noni : , : ,,,,,,,,,,1,01
104834181X,L-9999-287174336,Aa,DBSM/M/Bö,Bö M 429 - Fragm.,Bö M 429 - Fragm,[De insinuationibus] : , : ,,,,,,,,,,1,02
104846525X,L-1506-287417689,Aa,DBSM/M/Bö,Bö M 430 - Fragm.,Bö M 430 - Fragm,[Speciale missarum secundum chorum Bambergensem] : , : ,,,,,,,,,,1,02
1056823070,L-1505-29795475X,Aa,DBSM/M/Bö,Bö M 431 - Fragm.,Bö M 431 - Fragm,(Jncipit ordo missalis #[s]m cho||rum Constantieñ ...||) : , : ,,,,,,,,,,1,02
